transform_name,intensity_value,best_method,fallback_method,hash_bit_error,hash_worst_bit_error,hash_ok,trustmark_bit_accuracy,trustmark_ok,lsb_bit_accuracy,lsb_ok,dct_bit_accuracy,dct_ok,notes
brightness,0.5,trustmark,hash,0.0097,0.0345,True,0.9900,True,0.5022,True,0.9033,True,
brightness,0.7,trustmark,hash,0.0068,0.0195,True,0.9933,True,0.4863,False,0.9033,True,
brightness,0.85,trustmark,hash,0.0050,0.0104,True,0.9940,True,0.4790,False,0.9033,True,
brightness,1.15,trustmark,hash,0.0137,0.0193,True,0.9874,True,0.5143,True,0.8770,True,
brightness,1.5,trustmark,hash,0.0461,0.0729,True,0.9543,True,0.4788,False,0.8354,True,
brightness,2.0,trustmark,hash,0.0813,0.1326,True,0.8987,True,0.5238,True,0.7944,True,
contrast,0.5,trustmark,hash,0.0117,0.0492,True,0.9879,True,0.4995,False,0.9033,True,
contrast,0.7,trustmark,hash,0.0097,0.0414,True,0.9928,True,0.4962,False,0.9033,True,
contrast,0.85,trustmark,hash,0.0081,0.0317,True,0.9941,True,0.5041,True,0.9033,True,
contrast,1.15,trustmark,hash,0.0125,0.0310,True,0.9863,True,0.5080,True,0.8806,True,
contrast,1.5,hash,trustmark,0.0308,0.0504,True,0.9451,True,0.5102,True,0.8449,True,
contrast,2.0,hash,trustmark,0.0483,0.0711,True,0.8842,True,0.5149,True,0.8134,True,
saturation,0.2,trustmark,hash,0.0099,0.0517,True,0.9889,True,0.6294,True,0.9033,True,
saturation,0.43,trustmark,hash,0.0095,0.0445,True,0.9928,True,0.5685,True,0.9033,True,
saturation,0.66,trustmark,hash,0.0083,0.0353,True,0.9938,True,0.5650,True,0.9033,True,
saturation,0.89,trustmark,hash,0.0059,0.0164,True,0.9944,True,0.5677,True,0.9033,True,
saturation,1.11,trustmark,hash,0.0062,0.0174,True,0.9943,True,0.5784,True,0.9033,True,
saturation,1.34,trustmark,hash,0.0092,0.0348,True,0.9932,True,0.5753,True,0.9032,True,
saturation,1.57,trustmark,hash,0.0115,0.0423,True,0.9915,True,0.5747,True,0.9030,True,
saturation,1.8,trustmark,hash,0.0134,0.0472,True,0.9894,True,0.6346,True,0.9029,True,
vibrancy,0.2,trustmark,hash,0.0281,0.0358,True,0.9825,True,0.7105,True,0.9015,True,
vibrancy,0.43,trustmark,hash,0.0247,0.0321,True,0.9845,True,0.7113,True,0.9021,True,
vibrancy,0.66,trustmark,hash,0.0197,0.0275,True,0.9874,True,0.7081,True,0.9028,True,
vibrancy,0.89,trustmark,hash,0.0108,0.0143,True,0.9915,True,0.7023,True,0.9032,True,
vibrancy,1.11,trustmark,hash,0.0128,0.0168,True,0.9935,True,0.7066,True,0.9030,True,
vibrancy,1.34,trustmark,hash,0.0353,0.0457,True,0.9778,True,0.6988,True,0.8940,True,
vibrancy,1.57,trustmark,hash,0.0564,0.0762,True,0.9435,True,0.6955,True,0.8762,True,
vibrancy,1.8,trustmark,hash,0.0818,0.1180,True,0.8888,True,0.6962,True,0.8560,True,
gaussian_blur,0.5,trustmark,hash,0.0019,0.0063,True,0.9946,True,0.8275,True,0.9033,True,
gaussian_blur,1.0,trustmark,hash,0.0062,0.0124,True,0.9943,True,0.6195,True,0.8981,True,
gaussian_blur,1.5,trustmark,hash,0.0054,0.0169,True,0.9941,True,0.5215,True,0.8809,True,
gaussian_blur,2.0,trustmark,hash,0.0067,0.0193,True,0.9930,True,0.5218,True,0.8512,True,
gaussian_blur,3.0,trustmark,hash,0.0092,0.0255,True,0.9848,True,0.5100,True,0.7831,True,
gaussian_blur,5.0,hash,trustmark,0.0134,0.0289,True,0.8458,True,0.5069,True,0.6225,True,
salt_pepper_noise,0.01,lsb,hash,0.0064,0.0125,True,0.9750,True,0.9947,True,0.8632,True,
salt_pepper_noise,0.02,lsb,hash,0.0083,0.0169,True,0.9468,True,0.9907,True,0.8269,True,
salt_pepper_noise,0.04,lsb,hash,0.0113,0.0240,True,0.8932,True,0.9785,True,0.7636,True,
salt_pepper_noise,0.06,lsb,hash,0.0135,0.0305,True,0.8459,True,0.9697,True,0.7170,True,
salt_pepper_noise,0.1,hash,lsb,0.0173,0.0391,True,0.7772,True,0.9509,True,0.6597,True,
salt_pepper_noise,0.15,hash,lsb,0.0218,0.0501,True,0.7192,True,0.9263,True,0.6196,True,
jpeg_compression,5,hash,dct,0.0263,0.0388,True,0.6027,True,0.5464,True,0.6198,True,
jpeg_compression,10,hash,trustmark,0.0132,0.0209,True,0.7881,True,0.5076,True,0.6411,True,
jpeg_compression,20,hash,trustmark,0.0074,0.0135,True,0.9265,True,0.4992,False,0.8905,True,
jpeg_compression,35,hash,trustmark,0.0051,0.0107,True,0.9688,True,0.5016,True,0.8983,True,
jpeg_compression,50,hash,trustmark,0.0042,0.0098,True,0.9797,True,0.5093,True,0.9032,True,
jpeg_compression,65,hash,trustmark,0.0036,0.0093,True,0.9855,True,0.5003,True,0.9032,True,
jpeg_compression,80,hash,trustmark,0.0030,0.0085,True,0.9908,True,0.5012,True,0.9033,True,
jpeg_compression,95,trustmark,hash,0.0020,0.0069,True,0.9935,True,0.5066,True,0.9033,True,
rotation,1,trustmark,hash,0.0381,0.0861,True,0.9932,True,0.6327,True,0.4730,False,
rotation,2,trustmark,hash,0.0669,0.1544,True,0.9723,True,0.6327,True,0.5427,True,
rotation,5,hash,lsb,0.1291,0.3146,True,0.6298,True,0.6327,True,0.5784,True,
rotation,10,lsb,dct,0.1829,0.4442,True,0.5154,True,0.6327,True,0.5749,True,
rotation,20,lsb,dct,0.2184,0.4906,True,0.5082,True,0.6327,True,0.5738,True,
rotation,45,lsb,dct,0.2367,0.4986,True,0.5087,True,0.6327,True,0.5819,True,
rotation,70,lsb,dct,0.2393,0.5003,False,0.5098,True,0.6319,True,0.5677,True,TrustMark exceeds hash tolerance
rotation,90,trustmark,dct,0.2319,0.5003,False,0.5129,True,0.4996,False,0.5054,True,TrustMark exceeds hash tolerance
scaling,0.25,trustmark,hash,0.0130,0.0739,True,0.9919,True,0.4986,False,0.4889,False,
scaling,0.5,trustmark,hash,0.0073,0.0387,True,0.9943,True,0.5026,True,0.5002,True,
scaling,0.75,trustmark,hash,0.0061,0.0359,True,0.9946,True,0.5033,True,0.5078,True,
scaling,1.5,trustmark,hash,0.0037,0.0199,True,0.9947,True,0.5226,True,0.5381,True,
scaling,2.0,trustmark,hash,0.0040,0.0222,True,0.9947,True,0.5185,True,0.4994,False,
scaling,3.0,trustmark,hash,0.0038,0.0224,True,0.9947,True,0.5323,True,0.4782,False,
crop_center,0.1,trustmark,hash,0.1252,0.3223,True,0.9956,True,0.4981,False,0.5029,True,
crop_center,0.2,trustmark,hash,0.1836,0.4661,True,0.9879,True,0.4985,False,0.4985,False,
crop_center,0.3,trustmark,hash,0.2073,0.4897,True,0.6174,True,0.4974,False,0.5034,True,
crop_center,0.4,trustmark,hash,0.2189,0.4960,True,0.5409,True,0.4981,False,0.5036,True,
crop_center,0.5,trustmark,hash,0.2250,0.4989,True,0.5361,True,0.4999,False,0.4992,False,
crop_center,0.6,trustmark,hash,0.2288,0.4981,True,0.5294,True,0.4980,False,0.4977,False,
crop_center,0.7,trustmark,dct,0.2320,0.5005,False,0.5211,True,0.4971,False,0.5001,True,TrustMark exceeds hash tolerance
crop_center,0.8,trustmark,lsb,0.2339,0.4977,True,0.5106,True,0.5025,True,0.5008,True,
crop_random,0.1,trustmark,hash,0.1489,0.4047,True,0.9954,True,0.5006,True,0.5023,True,
crop_random,0.2,trustmark,hash,0.1956,0.4811,True,0.9764,True,0.4981,False,0.5025,True,
crop_random,0.3,trustmark,hash,0.2137,0.4942,True,0.5698,True,0.4992,False,0.5033,True,
crop_random,0.4,trustmark,dct,0.2214,0.4987,True,0.5344,True,0.5017,True,0.5020,True,
crop_random,0.5,trustmark,hash,0.2263,0.4999,True,0.5290,True,0.4995,False,0.4995,False,
crop_random,0.6,trustmark,dct,0.2298,0.5014,False,0.5282,True,0.5001,True,0.5007,True,TrustMark exceeds hash tolerance
crop_random,0.7,trustmark,lsb,0.2314,0.4984,True,0.5201,True,0.5051,True,0.4976,False,
crop_random,0.8,trustmark,dct,0.2343,0.4996,True,0.5109,True,0.5000,False,0.5027,True,
letterbox,black,lsb,dct,0.1743,0.3867,True,0.5627,True,0.6452,True,0.6361,True,
letterbox,grey,lsb,dct,0.1699,0.3867,True,0.5612,True,0.6452,True,0.6359,True,
