method,metric,transform_name,intensity_value,n_images,mean,median,sd,ci_level,ci_method,ci_low,ci_high,bootstrap_seed,bootstrap_repetitions
dct,bit_accuracy,brightness,0.5,1200,0.903265,0.959184,0.121833,0.95,percentile_bootstrap_mean,0.896615,0.909966,20260812,2000
dct,bit_accuracy,brightness,0.7,1200,0.903265,0.959184,0.121833,0.95,percentile_bootstrap_mean,0.896224,0.909898,20260812,2000
dct,bit_accuracy,brightness,0.85,1200,0.903265,0.959184,0.121833,0.95,percentile_bootstrap_mean,0.896105,0.909813,20260812,2000
dct,bit_accuracy,brightness,1.15,1200,0.877024,0.918367,0.133398,0.95,percentile_bootstrap_mean,0.869659,0.884609,20260812,2000
dct,bit_accuracy,brightness,1.5,1200,0.835408,0.857143,0.149780,0.95,percentile_bootstrap_mean,0.826631,0.843555,20260812,2000
dct,bit_accuracy,brightness,2.0,1200,0.794439,0.795918,0.159904,0.95,percentile_bootstrap_mean,0.785391,0.804763,20260812,2000
dct,bit_accuracy,contrast,0.5,1200,0.903265,0.959184,0.121833,0.95,percentile_bootstrap_mean,0.896378,0.910289,20260812,2000
dct,bit_accuracy,contrast,0.7,1200,0.903282,0.959184,0.121837,0.95,percentile_bootstrap_mean,0.895986,0.910136,20260812,2000
dct,bit_accuracy,contrast,0.85,1200,0.903265,0.959184,0.121833,0.95,percentile_bootstrap_mean,0.896394,0.909983,20260812,2000
dct,bit_accuracy,contrast,1.15,1200,0.880646,0.918367,0.130744,0.95,percentile_bootstrap_mean,0.873163,0.887943,20260812,2000
dct,bit_accuracy,contrast,1.5,1200,0.844949,0.857143,0.141996,0.95,percentile_bootstrap_mean,0.837074,0.853062,20260812,2000
dct,bit_accuracy,contrast,2.0,1200,0.813384,0.816327,0.150796,0.95,percentile_bootstrap_mean,0.804812,0.821480,20260812,2000
dct,bit_accuracy,crop_center,0.1,1200,0.502857,0.510204,0.073260,0.95,percentile_bootstrap_mean,0.498656,0.506939,20260812,2000
dct,bit_accuracy,crop_center,0.2,1200,0.498503,0.489796,0.074634,0.95,percentile_bootstrap_mean,0.494353,0.502654,20260812,2000
dct,bit_accuracy,crop_center,0.3,1200,0.503367,0.510204,0.074908,0.95,percentile_bootstrap_mean,0.499166,0.507653,20260812,2000
dct,bit_accuracy,crop_center,0.4,1200,0.503639,0.510204,0.071875,0.95,percentile_bootstrap_mean,0.499506,0.507653,20260812,2000
dct,bit_accuracy,crop_center,0.5,1200,0.499218,0.489796,0.072112,0.95,percentile_bootstrap_mean,0.495102,0.503198,20260812,2000
dct,bit_accuracy,crop_center,0.6,1200,0.497704,0.489796,0.069977,0.95,percentile_bootstrap_mean,0.493757,0.501429,20260812,2000
dct,bit_accuracy,crop_center,0.7,1200,0.500102,0.510204,0.073514,0.95,percentile_bootstrap_mean,0.495663,0.504320,20260812,2000
dct,bit_accuracy,crop_center,0.8,1200,0.500782,0.510204,0.073103,0.95,percentile_bootstrap_mean,0.496633,0.504797,20260812,2000
dct,bit_accuracy,crop_random,0.1,1200,0.502296,0.489796,0.079465,0.95,percentile_bootstrap_mean,0.497754,0.506871,20260812,2000
dct,bit_accuracy,crop_random,0.2,1200,0.502483,0.510204,0.076388,0.95,percentile_bootstrap_mean,0.498078,0.506871,20260812,2000
dct,bit_accuracy,crop_random,0.3,1200,0.503316,0.510204,0.073756,0.95,percentile_bootstrap_mean,0.499439,0.507450,20260812,2000
dct,bit_accuracy,crop_random,0.4,1200,0.501956,0.510204,0.075475,0.95,percentile_bootstrap_mean,0.497703,0.506310,20260812,2000
dct,bit_accuracy,crop_random,0.5,1200,0.499490,0.489796,0.074414,0.95,percentile_bootstrap_mean,0.495016,0.503759,20260812,2000
dct,bit_accuracy,crop_random,0.6,1200,0.500731,0.510204,0.071586,0.95,percentile_bootstrap_mean,0.496818,0.504830,20260812,2000
dct,bit_accuracy,crop_random,0.7,1200,0.497585,0.489796,0.075346,0.95,percentile_bootstrap_mean,0.493299,0.501803,20260812,2000
dct,bit_accuracy,crop_random,0.8,1200,0.502738,0.510204,0.073425,0.95,percentile_bootstrap_mean,0.498452,0.506667,20260812,2000
dct,bit_accuracy,gaussian_blur,0.5,1200,0.903265,0.959184,0.121853,0.95,percentile_bootstrap_mean,0.896343,0.910307,20260812,2000
dct,bit_accuracy,gaussian_blur,1.0,1200,0.898129,0.959184,0.127663,0.95,percentile_bootstrap_mean,0.890918,0.904984,20260812,2000
dct,bit_accuracy,gaussian_blur,1.5,1200,0.880918,0.938776,0.142712,0.95,percentile_bootstrap_mean,0.872670,0.888913,20260812,2000
dct,bit_accuracy,gaussian_blur,2.0,1200,0.851173,0.918367,0.161415,0.95,percentile_bootstrap_mean,0.842006,0.860205,20260812,2000
dct,bit_accuracy,gaussian_blur,3.0,1200,0.783078,0.816327,0.181806,0.95,percentile_bootstrap_mean,0.773078,0.793300,20260812,2000
dct,bit_accuracy,gaussian_blur,5.0,1200,0.622534,0.612245,0.128938,0.95,percentile_bootstrap_mean,0.615117,0.629898,20260812,2000
dct,bit_accuracy,jpeg_compression,10,1200,0.641054,0.653061,0.062314,0.95,percentile_bootstrap_mean,0.637636,0.644558,20260812,2000
dct,bit_accuracy,jpeg_compression,20,1200,0.890544,0.938776,0.127937,0.95,percentile_bootstrap_mean,0.883469,0.897823,20260812,2000
dct,bit_accuracy,jpeg_compression,35,1200,0.898282,0.938776,0.123290,0.95,percentile_bootstrap_mean,0.891462,0.905476,20260812,2000
dct,bit_accuracy,jpeg_compression,5,1200,0.619762,0.653061,0.060109,0.95,percentile_bootstrap_mean,0.616360,0.622994,20260812,2000
dct,bit_accuracy,jpeg_compression,50,1200,0.903197,0.959184,0.121913,0.95,percentile_bootstrap_mean,0.896122,0.910000,20260812,2000
dct,bit_accuracy,jpeg_compression,65,1200,0.903248,0.959184,0.121824,0.95,percentile_bootstrap_mean,0.896003,0.909917,20260812,2000
dct,bit_accuracy,jpeg_compression,80,1200,0.903265,0.959184,0.121833,0.95,percentile_bootstrap_mean,0.895918,0.909728,20260812,2000
dct,bit_accuracy,jpeg_compression,95,1200,0.903282,0.959184,0.121837,0.95,percentile_bootstrap_mean,0.896614,0.910120,20260812,2000
dct,bit_accuracy,letterbox,black,1200,0.636088,0.653061,0.082765,0.95,percentile_bootstrap_mean,0.631275,0.640765,20260812,2000
dct,bit_accuracy,letterbox,grey,1200,0.635850,0.653061,0.083185,0.95,percentile_bootstrap_mean,0.631122,0.640935,20260812,2000
dct,bit_accuracy,none,,1200,0.903282,0.959184,0.121837,0.95,percentile_bootstrap_mean,0.896462,0.910189,20260812,2000
dct,bit_accuracy,rotation,1,1200,0.472993,0.469388,0.065796,0.95,percentile_bootstrap_mean,0.469065,0.476769,20260812,2000
dct,bit_accuracy,rotation,10,1200,0.574915,0.571429,0.052339,0.95,percentile_bootstrap_mean,0.571990,0.577841,20260812,2000
dct,bit_accuracy,rotation,2,1200,0.542670,0.551020,0.050543,0.95,percentile_bootstrap_mean,0.539642,0.545425,20260812,2000
dct,bit_accuracy,rotation,20,1200,0.573793,0.571429,0.046799,0.95,percentile_bootstrap_mean,0.571190,0.576446,20260812,2000
dct,bit_accuracy,rotation,45,1200,0.581922,0.591837,0.054075,0.95,percentile_bootstrap_mean,0.578793,0.585102,20260812,2000
dct,bit_accuracy,rotation,5,1200,0.578401,0.591837,0.053649,0.95,percentile_bootstrap_mean,0.575356,0.581565,20260812,2000
dct,bit_accuracy,rotation,70,1200,0.567704,0.571429,0.060586,0.95,percentile_bootstrap_mean,0.564421,0.571073,20260812,2000
dct,bit_accuracy,rotation,90,1200,0.505442,0.510204,0.074878,0.95,percentile_bootstrap_mean,0.501326,0.509541,20260812,2000
dct,bit_accuracy,salt_pepper_noise,0.01,1200,0.863197,0.897959,0.116796,0.95,percentile_bootstrap_mean,0.856920,0.870018,20260812,2000
dct,bit_accuracy,salt_pepper_noise,0.02,1200,0.826939,0.857143,0.113791,0.95,percentile_bootstrap_mean,0.820339,0.833333,20260812,2000
dct,bit_accuracy,salt_pepper_noise,0.04,1200,0.763622,0.775510,0.109507,0.95,percentile_bootstrap_mean,0.757328,0.769864,20260812,2000
dct,bit_accuracy,salt_pepper_noise,0.06,1200,0.717007,0.734694,0.107122,0.95,percentile_bootstrap_mean,0.710901,0.722807,20260812,2000
dct,bit_accuracy,salt_pepper_noise,0.1,1200,0.659677,0.673469,0.098327,0.95,percentile_bootstrap_mean,0.654167,0.665426,20260812,2000
dct,bit_accuracy,salt_pepper_noise,0.15,1200,0.619643,0.632653,0.091122,0.95,percentile_bootstrap_mean,0.614387,0.624830,20260812,2000
dct,bit_accuracy,saturation,0.2,1200,0.903282,0.959184,0.121837,0.95,percentile_bootstrap_mean,0.896206,0.910153,20260812,2000
dct,bit_accuracy,saturation,0.43,1200,0.903282,0.959184,0.121837,0.95,percentile_bootstrap_mean,0.896088,0.909798,20260812,2000
dct,bit_accuracy,saturation,0.66,1200,0.903282,0.959184,0.121837,0.95,percentile_bootstrap_mean,0.896715,0.910069,20260812,2000
dct,bit_accuracy,saturation,0.89,1200,0.903282,0.959184,0.121837,0.95,percentile_bootstrap_mean,0.896394,0.910170,20260812,2000
dct,bit_accuracy,saturation,1.11,1200,0.903282,0.959184,0.121837,0.95,percentile_bootstrap_mean,0.896308,0.910222,20260812,2000
dct,bit_accuracy,saturation,1.34,1200,0.903231,0.959184,0.121857,0.95,percentile_bootstrap_mean,0.896241,0.910052,20260812,2000
dct,bit_accuracy,saturation,1.57,1200,0.903027,0.959184,0.122094,0.95,percentile_bootstrap_mean,0.896343,0.909711,20260812,2000
dct,bit_accuracy,saturation,1.8,1200,0.902925,0.959184,0.122186,0.95,percentile_bootstrap_mean,0.895645,0.909643,20260812,2000
dct,bit_accuracy,scaling,0.25,1200,0.488861,0.489796,0.073746,0.95,percentile_bootstrap_mean,0.484744,0.492841,20260812,2000
dct,bit_accuracy,scaling,0.5,1200,0.500221,0.489796,0.074374,0.95,percentile_bootstrap_mean,0.495969,0.504303,20260812,2000
dct,bit_accuracy,scaling,0.75,1200,0.507806,0.510204,0.062985,0.95,percentile_bootstrap_mean,0.504235,0.511463,20260812,2000
dct,bit_accuracy,scaling,1.5,1200,0.538095,0.551020,0.057333,0.95,percentile_bootstrap_mean,0.535000,0.541361,20260812,2000
dct,bit_accuracy,scaling,2.0,1200,0.499405,0.510204,0.078374,0.95,percentile_bootstrap_mean,0.495203,0.503741,20260812,2000
dct,bit_accuracy,scaling,3.0,1200,0.478197,0.469388,0.076152,0.95,percentile_bootstrap_mean,0.473945,0.482517,20260812,2000
dct,bit_accuracy,vibrancy,0.2,1200,0.901548,0.959184,0.123674,0.95,percentile_bootstrap_mean,0.894048,0.908232,20260812,2000
dct,bit_accuracy,vibrancy,0.43,1200,0.902109,0.959184,0.123171,0.95,percentile_bootstrap_mean,0.894693,0.908759,20260812,2000
dct,bit_accuracy,vibrancy,0.66,1200,0.902840,0.959184,0.122293,0.95,percentile_bootstrap_mean,0.895816,0.909303,20260812,2000
dct,bit_accuracy,vibrancy,0.89,1200,0.903197,0.959184,0.121870,0.95,percentile_bootstrap_mean,0.895781,0.909796,20260812,2000
dct,bit_accuracy,vibrancy,1.11,1200,0.903044,0.959184,0.121798,0.95,percentile_bootstrap_mean,0.895900,0.909847,20260812,2000
dct,bit_accuracy,vibrancy,1.34,1200,0.893997,0.938776,0.128519,0.95,percentile_bootstrap_mean,0.887075,0.901242,20260812,2000
dct,bit_accuracy,vibrancy,1.57,1200,0.876241,0.918367,0.138212,0.95,percentile_bootstrap_mean,0.868418,0.883656,20260812,2000
dct,bit_accuracy,vibrancy,1.8,1200,0.855969,0.897959,0.148143,0.95,percentile_bootstrap_mean,0.847498,0.863793,20260812,2000
dct,decode_present,brightness,0.5,1200,0.343333,0.000000,0.475020,0.95,wilson_binomial,0.317006,0.370660,,
dct,decode_present,brightness,0.7,1200,0.343333,0.000000,0.475020,0.95,wilson_binomial,0.317006,0.370660,,
dct,decode_present,brightness,0.85,1200,0.343333,0.000000,0.475020,0.95,wilson_binomial,0.317006,0.370660,,
dct,decode_present,brightness,1.15,1200,0.282500,0.000000,0.450403,0.95,wilson_binomial,0.257752,0.308636,,
dct,decode_present,brightness,1.5,1200,0.215833,0.000000,0.411571,0.95,wilson_binomial,0.193483,0.239997,,
dct,decode_present,brightness,2.0,1200,0.160000,0.000000,0.366759,0.95,wilson_binomial,0.140347,0.181823,,
dct,decode_present,contrast,0.5,1200,0.343333,0.000000,0.475020,0.95,wilson_binomial,0.317006,0.370660,,
dct,decode_present,contrast,0.7,1200,0.343333,0.000000,0.475020,0.95,wilson_binomial,0.317006,0.370660,,
dct,decode_present,contrast,0.85,1200,0.343333,0.000000,0.475020,0.95,wilson_binomial,0.317006,0.370660,,
dct,decode_present,contrast,1.15,1200,0.289167,0.000000,0.453564,0.95,wilson_binomial,0.264220,0.315459,,
dct,decode_present,contrast,1.5,1200,0.233333,0.000000,0.423129,0.95,wilson_binomial,0.210277,0.258092,,
dct,decode_present,contrast,2.0,1200,0.194167,0.000000,0.395723,0.95,wilson_binomial,0.172777,0.217509,,
dct,decode_present,crop_center,0.1,1200,0.000000,0.000000,0.000000,0.95,wilson_binomial,0.000000,0.003191,,
dct,decode_present,crop_center,0.2,1200,0.000000,0.000000,0.000000,0.95,wilson_binomial,0.000000,0.003191,,
dct,decode_present,crop_center,0.3,1200,0.000000,0.000000,0.000000,0.95,wilson_binomial,0.000000,0.003191,,
dct,decode_present,crop_center,0.4,1200,0.000000,0.000000,0.000000,0.95,wilson_binomial,0.000000,0.003191,,
dct,decode_present,crop_center,0.5,1200,0.000000,0.000000,0.000000,0.95,wilson_binomial,0.000000,0.003191,,
dct,decode_present,crop_center,0.6,1200,0.000000,0.000000,0.000000,0.95,wilson_binomial,0.000000,0.003191,,
dct,decode_present,crop_center,0.7,1200,0.000000,0.000000,0.000000,0.95,wilson_binomial,0.000000,0.003191,,
dct,decode_present,crop_center,0.8,1200,0.000000,0.000000,0.000000,0.95,wilson_binomial,0.000000,0.003191,,
dct,decode_present,crop_random,0.1,1200,0.000833,0.000000,0.028868,0.95,wilson_binomial,0.000147,0.004705,,
dct,decode_present,crop_random,0.2,1200,0.000000,0.000000,0.000000,0.95,wilson_binomial,0.000000,0.003191,,
dct,decode_present,crop_random,0.3,1200,0.000000,0.000000,0.000000,0.95,wilson_binomial,0.000000,0.003191,,
dct,decode_present,crop_random,0.4,1200,0.000000,0.000000,0.000000,0.95,wilson_binomial,0.000000,0.003191,,
dct,decode_present,crop_random,0.5,1200,0.000000,0.000000,0.000000,0.95,wilson_binomial,0.000000,0.003191,,
dct,decode_present,crop_random,0.6,1200,0.000000,0.000000,0.000000,0.95,wilson_binomial,0.000000,0.003191,,
dct,decode_present,crop_random,0.7,1200,0.000000,0.000000,0.000000,0.95,wilson_binomial,0.000000,0.003191,,
dct,decode_present,crop_random,0.8,1200,0.000000,0.000000,0.000000,0.95,wilson_binomial,0.000000,0.003191,,
dct,decode_present,gaussian_blur,0.5,1200,0.343333,0.000000,0.475020,0.95,wilson_binomial,0.317006,0.370660,,
dct,decode_present,gaussian_blur,1.0,1200,0.340000,0.000000,0.473906,0.95,wilson_binomial,0.313746,0.367275,,
dct,decode_present,gaussian_blur,1.5,1200,0.325000,0.000000,0.468570,0.95,wilson_binomial,0.299095,0.352022,,
dct,decode_present,gaussian_blur,2.0,1200,0.275000,0.000000,0.446700,0.95,wilson_binomial,0.250485,0.300951,,
dct,decode_present,gaussian_blur,3.0,1200,0.170000,0.000000,0.375789,0.95,wilson_binomial,0.149808,0.192298,,
dct,decode_present,gaussian_blur,5.0,1200,0.000000,0.000000,0.000000,0.95,wilson_binomial,0.000000,0.003191,,
dct,decode_present,jpeg_compression,10,1200,0.000000,0.000000,0.000000,0.95,wilson_binomial,0.000000,0.003191,,
dct,decode_present,jpeg_compression,20,1200,0.309167,0.000000,0.462343,0.95,wilson_binomial,0.283662,0.335889,,
dct,decode_present,jpeg_compression,35,1200,0.324167,0.000000,0.468258,0.95,wilson_binomial,0.298281,0.351174,,
dct,decode_present,jpeg_compression,5,1200,0.000000,0.000000,0.000000,0.95,wilson_binomial,0.000000,0.003191,,
dct,decode_present,jpeg_compression,50,1200,0.343333,0.000000,0.475020,0.95,wilson_binomial,0.317006,0.370660,,
dct,decode_present,jpeg_compression,65,1200,0.343333,0.000000,0.475020,0.95,wilson_binomial,0.317006,0.370660,,
dct,decode_present,jpeg_compression,80,1200,0.343333,0.000000,0.475020,0.95,wilson_binomial,0.317006,0.370660,,
dct,decode_present,jpeg_compression,95,1200,0.343333,0.000000,0.475020,0.95,wilson_binomial,0.317006,0.370660,,
dct,decode_present,letterbox,black,1200,0.016667,0.000000,0.128072,0.95,wilson_binomial,0.010815,0.025603,,
dct,decode_present,letterbox,grey,1200,0.016667,0.000000,0.128072,0.95,wilson_binomial,0.010815,0.025603,,
dct,decode_present,none,,1200,0.343333,0.000000,0.475020,0.95,wilson_binomial,0.317006,0.370660,,
dct,decode_present,rotation,1,1200,0.000000,0.000000,0.000000,0.95,wilson_binomial,0.000000,0.003191,,
dct,decode_present,rotation,10,1200,0.000000,0.000000,0.000000,0.95,wilson_binomial,0.000000,0.003191,,
dct,decode_present,rotation,2,1200,0.000000,0.000000,0.000000,0.95,wilson_binomial,0.000000,0.003191,,
dct,decode_present,rotation,20,1200,0.000000,0.000000,0.000000,0.95,wilson_binomial,0.000000,0.003191,,
dct,decode_present,rotation,45,1200,0.000000,0.000000,0.000000,0.95,wilson_binomial,0.000000,0.003191,,
dct,decode_present,rotation,5,1200,0.000000,0.000000,0.000000,0.95,wilson_binomial,0.000000,0.003191,,
dct,decode_present,rotation,70,1200,0.000000,0.000000,0.000000,0.95,wilson_binomial,0.000000,0.003191,,
dct,decode_present,rotation,90,1200,0.000000,0.000000,0.000000,0.95,wilson_binomial,0.000000,0.003191,,
dct,decode_present,salt_pepper_noise,0.01,1200,0.045000,0.000000,0.207391,0.95,wilson_binomial,0.034652,0.058252,,
dct,decode_present,salt_pepper_noise,0.02,1200,0.005000,0.000000,0.070563,0.95,wilson_binomial,0.002293,0.010866,,
dct,decode_present,salt_pepper_noise,0.04,1200,0.000000,0.000000,0.000000,0.95,wilson_binomial,0.000000,0.003191,,
dct,decode_present,salt_pepper_noise,0.06,1200,0.000000,0.000000,0.000000,0.95,wilson_binomial,0.000000,0.003191,,
dct,decode_present,salt_pepper_noise,0.1,1200,0.000000,0.000000,0.000000,0.95,wilson_binomial,0.000000,0.003191,,
dct,decode_present,salt_pepper_noise,0.15,1200,0.000000,0.000000,0.000000,0.95,wilson_binomial,0.000000,0.003191,,
dct,decode_present,saturation,0.2,1200,0.343333,0.000000,0.475020,0.95,wilson_binomial,0.317006,0.370660,,
dct,decode_present,saturation,0.43,1200,0.343333,0.000000,0.475020,0.95,wilson_binomial,0.317006,0.370660,,
dct,decode_present,saturation,0.66,1200,0.343333,0.000000,0.475020,0.95,wilson_binomial,0.317006,0.370660,,
dct,decode_present,saturation,0.89,1200,0.343333,0.000000,0.475020,0.95,wilson_binomial,0.317006,0.370660,,
dct,decode_present,saturation,1.11,1200,0.343333,0.000000,0.475020,0.95,wilson_binomial,0.317006,0.370660,,
dct,decode_present,saturation,1.34,1200,0.343333,0.000000,0.475020,0.95,wilson_binomial,0.317006,0.370660,,
dct,decode_present,saturation,1.57,1200,0.343333,0.000000,0.475020,0.95,wilson_binomial,0.317006,0.370660,,
dct,decode_present,saturation,1.8,1200,0.343333,0.000000,0.475020,0.95,wilson_binomial,0.317006,0.370660,,
dct,decode_present,scaling,0.25,1200,0.000000,0.000000,0.000000,0.95,wilson_binomial,0.000000,0.003191,,
dct,decode_present,scaling,0.5,1200,0.000000,0.000000,0.000000,0.95,wilson_binomial,0.000000,0.003191,,
dct,decode_present,scaling,0.75,1200,0.000000,0.000000,0.000000,0.95,wilson_binomial,0.000000,0.003191,,
dct,decode_present,scaling,1.5,1200,0.000000,0.000000,0.000000,0.95,wilson_binomial,0.000000,0.003191,,
dct,decode_present,scaling,2.0,1200,0.000000,0.000000,0.000000,0.95,wilson_binomial,0.000000,0.003191,,
dct,decode_present,scaling,3.0,1200,0.000000,0.000000,0.000000,0.95,wilson_binomial,0.000000,0.003191,,
dct,decode_present,vibrancy,0.2,1200,0.340833,0.000000,0.474187,0.95,wilson_binomial,0.314561,0.368121,,
dct,decode_present,vibrancy,0.43,1200,0.341667,0.000000,0.474466,0.95,wilson_binomial,0.315376,0.368968,,
dct,decode_present,vibrancy,0.66,1200,0.341667,0.000000,0.474466,0.95,wilson_binomial,0.315376,0.368968,,
dct,decode_present,vibrancy,0.89,1200,0.343333,0.000000,0.475020,0.95,wilson_binomial,0.317006,0.370660,,
dct,decode_present,vibrancy,1.11,1200,0.340833,0.000000,0.474187,0.95,wilson_binomial,0.314561,0.368121,,
dct,decode_present,vibrancy,1.34,1200,0.300833,0.000000,0.458812,0.95,wilson_binomial,0.275554,0.327384,,
dct,decode_present,vibrancy,1.57,1200,0.251667,0.000000,0.434152,0.95,wilson_binomial,0.227932,0.276986,,
dct,decode_present,vibrancy,1.8,1200,0.217500,0.000000,0.412717,0.95,wilson_binomial,0.195080,0.241723,,
hash,mean_bit_error_fraction,brightness,0.5,1200,0.009736,0.008789,0.005287,0.95,percentile_bootstrap_mean,0.009451,0.010034,20260812,2000
hash,mean_bit_error_fraction,brightness,0.7,1200,0.006840,0.005859,0.004498,0.95,percentile_bootstrap_mean,0.006571,0.007102,20260812,2000
hash,mean_bit_error_fraction,brightness,0.85,1200,0.004975,0.003906,0.004167,0.95,percentile_bootstrap_mean,0.004741,0.005221,20260812,2000
hash,mean_bit_error_fraction,brightness,1.15,1200,0.013708,0.011719,0.009840,0.95,percentile_bootstrap_mean,0.013145,0.014273,20260812,2000
hash,mean_bit_error_fraction,brightness,1.5,1200,0.046148,0.044922,0.019359,0.95,percentile_bootstrap_mean,0.045083,0.047258,20260812,2000
hash,mean_bit_error_fraction,brightness,2.0,1200,0.081349,0.080078,0.023739,0.95,percentile_bootstrap_mean,0.080020,0.082671,20260812,2000
hash,mean_bit_error_fraction,contrast,0.5,1200,0.011670,0.011719,0.005200,0.95,percentile_bootstrap_mean,0.011381,0.011962,20260812,2000
hash,mean_bit_error_fraction,contrast,0.7,1200,0.009731,0.009766,0.004731,0.95,percentile_bootstrap_mean,0.009460,0.010011,20260812,2000
hash,mean_bit_error_fraction,contrast,0.85,1200,0.008098,0.007812,0.004373,0.95,percentile_bootstrap_mean,0.007852,0.008355,20260812,2000
hash,mean_bit_error_fraction,contrast,1.15,1200,0.012520,0.011719,0.005772,0.95,percentile_bootstrap_mean,0.012203,0.012845,20260812,2000
hash,mean_bit_error_fraction,contrast,1.5,1200,0.030835,0.030273,0.010248,0.95,percentile_bootstrap_mean,0.030271,0.031403,20260812,2000
hash,mean_bit_error_fraction,contrast,2.0,1200,0.048259,0.047852,0.012635,0.95,percentile_bootstrap_mean,0.047541,0.048962,20260812,2000
hash,mean_bit_error_fraction,crop_center,0.1,1200,0.125158,0.125977,0.020981,0.95,percentile_bootstrap_mean,0.123970,0.126336,20260812,2000
hash,mean_bit_error_fraction,crop_center,0.2,1200,0.183569,0.184570,0.023278,0.95,percentile_bootstrap_mean,0.182255,0.184893,20260812,2000
hash,mean_bit_error_fraction,crop_center,0.3,1200,0.207290,0.209961,0.020928,0.95,percentile_bootstrap_mean,0.206086,0.208447,20260812,2000
hash,mean_bit_error_fraction,crop_center,0.4,1200,0.218896,0.221680,0.019345,0.95,percentile_bootstrap_mean,0.217747,0.220017,20260812,2000
hash,mean_bit_error_fraction,crop_center,0.5,1200,0.224972,0.227539,0.017659,0.95,percentile_bootstrap_mean,0.223949,0.225945,20260812,2000
hash,mean_bit_error_fraction,crop_center,0.6,1200,0.228774,0.231445,0.015830,0.95,percentile_bootstrap_mean,0.227847,0.229679,20260812,2000
hash,mean_bit_error_fraction,crop_center,0.7,1200,0.231954,0.234375,0.014898,0.95,percentile_bootstrap_mean,0.231129,0.232779,20260812,2000
hash,mean_bit_error_fraction,crop_center,0.8,1200,0.233943,0.236328,0.014333,0.95,percentile_bootstrap_mean,0.233144,0.234701,20260812,2000
hash,mean_bit_error_fraction,crop_random,0.1,1200,0.148944,0.149414,0.024447,0.95,percentile_bootstrap_mean,0.147587,0.150356,20260812,2000
hash,mean_bit_error_fraction,crop_random,0.2,1200,0.195589,0.198242,0.021032,0.95,percentile_bootstrap_mean,0.194384,0.196761,20260812,2000
hash,mean_bit_error_fraction,crop_random,0.3,1200,0.213681,0.215820,0.018790,0.95,percentile_bootstrap_mean,0.212554,0.214718,20260812,2000
hash,mean_bit_error_fraction,crop_random,0.4,1200,0.221421,0.223633,0.016991,0.95,percentile_bootstrap_mean,0.220450,0.222362,20260812,2000
hash,mean_bit_error_fraction,crop_random,0.5,1200,0.226303,0.228516,0.015741,0.95,percentile_bootstrap_mean,0.225371,0.227183,20260812,2000
hash,mean_bit_error_fraction,crop_random,0.6,1200,0.229764,0.232422,0.016042,0.95,percentile_bootstrap_mean,0.228836,0.230590,20260812,2000
hash,mean_bit_error_fraction,crop_random,0.7,1200,0.231417,0.233398,0.014840,0.95,percentile_bootstrap_mean,0.230553,0.232262,20260812,2000
hash,mean_bit_error_fraction,crop_random,0.8,1200,0.234278,0.237305,0.014558,0.95,percentile_bootstrap_mean,0.233451,0.235092,20260812,2000
hash,mean_bit_error_fraction,gaussian_blur,0.5,1200,0.001915,0.000977,0.002201,0.95,percentile_bootstrap_mean,0.001790,0.002039,20260812,2000
hash,mean_bit_error_fraction,gaussian_blur,1.0,1200,0.006223,0.005371,0.004250,0.95,percentile_bootstrap_mean,0.005986,0.006453,20260812,2000
hash,mean_bit_error_fraction,gaussian_blur,1.5,1200,0.005418,0.004883,0.003512,0.95,percentile_bootstrap_mean,0.005220,0.005614,20260812,2000
hash,mean_bit_error_fraction,gaussian_blur,2.0,1200,0.006658,0.005859,0.003801,0.95,percentile_bootstrap_mean,0.006445,0.006865,20260812,2000
hash,mean_bit_error_fraction,gaussian_blur,3.0,1200,0.009175,0.008789,0.004391,0.95,percentile_bootstrap_mean,0.008935,0.009421,20260812,2000
hash,mean_bit_error_fraction,gaussian_blur,5.0,1200,0.013432,0.012695,0.005524,0.95,percentile_bootstrap_mean,0.013123,0.013751,20260812,2000
hash,mean_bit_error_fraction,jpeg_compression,10,1200,0.013204,0.011719,0.009552,0.95,percentile_bootstrap_mean,0.012681,0.013743,20260812,2000
hash,mean_bit_error_fraction,jpeg_compression,20,1200,0.007389,0.005859,0.006305,0.95,percentile_bootstrap_mean,0.007046,0.007729,20260812,2000
hash,mean_bit_error_fraction,jpeg_compression,35,1200,0.005138,0.003906,0.004605,0.95,percentile_bootstrap_mean,0.004884,0.005413,20260812,2000
hash,mean_bit_error_fraction,jpeg_compression,5,1200,0.026281,0.023438,0.014852,0.95,percentile_bootstrap_mean,0.025487,0.027150,20260812,2000
hash,mean_bit_error_fraction,jpeg_compression,50,1200,0.004172,0.003906,0.003606,0.95,percentile_bootstrap_mean,0.003963,0.004369,20260812,2000
hash,mean_bit_error_fraction,jpeg_compression,65,1200,0.003610,0.002930,0.003355,0.95,percentile_bootstrap_mean,0.003433,0.003795,20260812,2000
hash,mean_bit_error_fraction,jpeg_compression,80,1200,0.002957,0.001953,0.002955,0.95,percentile_bootstrap_mean,0.002785,0.003123,20260812,2000
hash,mean_bit_error_fraction,jpeg_compression,95,1200,0.001963,0.001953,0.002328,0.95,percentile_bootstrap_mean,0.001829,0.002098,20260812,2000
hash,mean_bit_error_fraction,letterbox,black,1200,0.174346,0.182617,0.043789,0.95,percentile_bootstrap_mean,0.171949,0.176879,20260812,2000
hash,mean_bit_error_fraction,letterbox,grey,1200,0.169945,0.177734,0.043852,0.95,percentile_bootstrap_mean,0.167523,0.172422,20260812,2000
hash,mean_bit_error_fraction,rotation,1,1200,0.038123,0.036133,0.011881,0.95,percentile_bootstrap_mean,0.037502,0.038809,20260812,2000
hash,mean_bit_error_fraction,rotation,10,1200,0.182937,0.184570,0.017673,0.95,percentile_bootstrap_mean,0.181859,0.183957,20260812,2000
hash,mean_bit_error_fraction,rotation,2,1200,0.066941,0.065430,0.015097,0.95,percentile_bootstrap_mean,0.066060,0.067800,20260812,2000
hash,mean_bit_error_fraction,rotation,20,1200,0.218367,0.218750,0.015427,0.95,percentile_bootstrap_mean,0.217517,0.219203,20260812,2000
hash,mean_bit_error_fraction,rotation,45,1200,0.236735,0.238281,0.011818,0.95,percentile_bootstrap_mean,0.236067,0.237354,20260812,2000
hash,mean_bit_error_fraction,rotation,5,1200,0.129098,0.128906,0.018098,0.95,percentile_bootstrap_mean,0.128033,0.130087,20260812,2000
hash,mean_bit_error_fraction,rotation,70,1200,0.239348,0.240234,0.011558,0.95,percentile_bootstrap_mean,0.238705,0.240017,20260812,2000
hash,mean_bit_error_fraction,rotation,90,1200,0.231922,0.233398,0.010240,0.95,percentile_bootstrap_mean,0.231312,0.232487,20260812,2000
hash,mean_bit_error_fraction,salt_pepper_noise,0.01,1200,0.006418,0.004883,0.005307,0.95,percentile_bootstrap_mean,0.006131,0.006720,20260812,2000
hash,mean_bit_error_fraction,salt_pepper_noise,0.02,1200,0.008278,0.006836,0.006256,0.95,percentile_bootstrap_mean,0.007949,0.008648,20260812,2000
hash,mean_bit_error_fraction,salt_pepper_noise,0.04,1200,0.011283,0.009766,0.007635,0.95,percentile_bootstrap_mean,0.010862,0.011716,20260812,2000
hash,mean_bit_error_fraction,salt_pepper_noise,0.06,1200,0.013516,0.011719,0.008703,0.95,percentile_bootstrap_mean,0.013039,0.014002,20260812,2000
hash,mean_bit_error_fraction,salt_pepper_noise,0.1,1200,0.017309,0.015625,0.009802,0.95,percentile_bootstrap_mean,0.016773,0.017894,20260812,2000
hash,mean_bit_error_fraction,salt_pepper_noise,0.15,1200,0.021781,0.019531,0.011245,0.95,percentile_bootstrap_mean,0.021177,0.022428,20260812,2000
hash,mean_bit_error_fraction,saturation,0.2,1200,0.009929,0.009766,0.004517,0.95,percentile_bootstrap_mean,0.009665,0.010185,20260812,2000
hash,mean_bit_error_fraction,saturation,0.43,1200,0.009460,0.009766,0.004781,0.95,percentile_bootstrap_mean,0.009186,0.009736,20260812,2000
hash,mean_bit_error_fraction,saturation,0.66,1200,0.008346,0.007812,0.004664,0.95,percentile_bootstrap_mean,0.008081,0.008617,20260812,2000
hash,mean_bit_error_fraction,saturation,0.89,1200,0.005940,0.005859,0.004482,0.95,percentile_bootstrap_mean,0.005693,0.006200,20260812,2000
hash,mean_bit_error_fraction,saturation,1.11,1200,0.006185,0.005859,0.004328,0.95,percentile_bootstrap_mean,0.005940,0.006410,20260812,2000
hash,mean_bit_error_fraction,saturation,1.34,1200,0.009196,0.008789,0.005132,0.95,percentile_bootstrap_mean,0.008922,0.009491,20260812,2000
hash,mean_bit_error_fraction,saturation,1.57,1200,0.011501,0.010742,0.006309,0.95,percentile_bootstrap_mean,0.011156,0.011855,20260812,2000
hash,mean_bit_error_fraction,saturation,1.8,1200,0.013381,0.011719,0.007551,0.95,percentile_bootstrap_mean,0.012955,0.013817,20260812,2000
hash,mean_bit_error_fraction,scaling,0.25,1200,0.013034,0.012695,0.004552,0.95,percentile_bootstrap_mean,0.012785,0.013280,20260812,2000
hash,mean_bit_error_fraction,scaling,0.5,1200,0.007303,0.006836,0.003922,0.95,percentile_bootstrap_mean,0.007077,0.007514,20260812,2000
hash,mean_bit_error_fraction,scaling,0.75,1200,0.006141,0.005859,0.002947,0.95,percentile_bootstrap_mean,0.005977,0.006303,20260812,2000
hash,mean_bit_error_fraction,scaling,1.5,1200,0.003694,0.002930,0.002478,0.95,percentile_bootstrap_mean,0.003554,0.003838,20260812,2000
hash,mean_bit_error_fraction,scaling,2.0,1200,0.003960,0.003906,0.002428,0.95,percentile_bootstrap_mean,0.003823,0.004097,20260812,2000
hash,mean_bit_error_fraction,scaling,3.0,1200,0.003824,0.002930,0.002349,0.95,percentile_bootstrap_mean,0.003695,0.003956,20260812,2000
hash,mean_bit_error_fraction,vibrancy,0.2,1200,0.028119,0.026367,0.014482,0.95,percentile_bootstrap_mean,0.027283,0.028953,20260812,2000
hash,mean_bit_error_fraction,vibrancy,0.43,1200,0.024666,0.022461,0.012896,0.95,percentile_bootstrap_mean,0.023927,0.025392,20260812,2000
hash,mean_bit_error_fraction,vibrancy,0.66,1200,0.019715,0.018555,0.010617,0.95,percentile_bootstrap_mean,0.019128,0.020317,20260812,2000
hash,mean_bit_error_fraction,vibrancy,0.89,1200,0.010836,0.009766,0.006892,0.95,percentile_bootstrap_mean,0.010462,0.011238,20260812,2000
hash,mean_bit_error_fraction,vibrancy,1.11,1200,0.012809,0.011719,0.007641,0.95,percentile_bootstrap_mean,0.012389,0.013243,20260812,2000
hash,mean_bit_error_fraction,vibrancy,1.34,1200,0.035258,0.033203,0.017753,0.95,percentile_bootstrap_mean,0.034310,0.036305,20260812,2000
hash,mean_bit_error_fraction,vibrancy,1.57,1200,0.056358,0.053711,0.027314,0.95,percentile_bootstrap_mean,0.054869,0.057851,20260812,2000
hash,mean_bit_error_fraction,vibrancy,1.8,1200,0.081794,0.079102,0.037274,0.95,percentile_bootstrap_mean,0.079583,0.083909,20260812,2000
hash,worst_algorithm_bit_error_fraction,brightness,0.5,1200,0.042044,0.031250,0.020111,0.95,percentile_bootstrap_mean,0.040911,0.043138,20260812,2000
hash,worst_algorithm_bit_error_fraction,brightness,0.7,1200,0.030365,0.031250,0.017278,0.95,percentile_bootstrap_mean,0.029427,0.031328,20260812,2000
hash,worst_algorithm_bit_error_fraction,brightness,0.85,1200,0.023014,0.015625,0.015844,0.95,percentile_bootstrap_mean,0.022129,0.023939,20260812,2000
hash,worst_algorithm_bit_error_fraction,brightness,1.15,1200,0.040501,0.031250,0.025624,0.95,percentile_bootstrap_mean,0.039108,0.042051,20260812,2000
hash,worst_algorithm_bit_error_fraction,brightness,1.5,1200,0.096426,0.093750,0.039692,0.95,percentile_bootstrap_mean,0.094245,0.098770,20260812,2000
hash,worst_algorithm_bit_error_fraction,brightness,2.0,1200,0.149766,0.140625,0.042248,0.95,percentile_bootstrap_mean,0.147421,0.152070,20260812,2000
hash,worst_algorithm_bit_error_fraction,contrast,0.5,1200,0.053203,0.046875,0.020176,0.95,percentile_bootstrap_mean,0.052044,0.054362,20260812,2000
hash,worst_algorithm_bit_error_fraction,contrast,0.7,1200,0.045273,0.046875,0.018585,0.95,percentile_bootstrap_mean,0.044179,0.046250,20260812,2000
hash,worst_algorithm_bit_error_fraction,contrast,0.85,1200,0.037051,0.031250,0.016823,0.95,percentile_bootstrap_mean,0.036106,0.037995,20260812,2000
hash,worst_algorithm_bit_error_fraction,contrast,1.15,1200,0.040690,0.031250,0.017595,0.95,percentile_bootstrap_mean,0.039694,0.041719,20260812,2000
hash,worst_algorithm_bit_error_fraction,contrast,1.5,1200,0.068919,0.062500,0.022150,0.95,percentile_bootstrap_mean,0.067689,0.070215,20260812,2000
hash,worst_algorithm_bit_error_fraction,contrast,2.0,1200,0.093145,0.093750,0.026891,0.95,percentile_bootstrap_mean,0.091673,0.094681,20260812,2000
hash,worst_algorithm_bit_error_fraction,crop_center,0.1,1200,0.322474,0.320312,0.054531,0.95,percentile_bootstrap_mean,0.319296,0.325496,20260812,2000
hash,worst_algorithm_bit_error_fraction,crop_center,0.2,1200,0.466146,0.468750,0.054343,0.95,percentile_bootstrap_mean,0.463151,0.469160,20260812,2000
hash,worst_algorithm_bit_error_fraction,crop_center,0.3,1200,0.489674,0.492188,0.043049,0.95,percentile_bootstrap_mean,0.487200,0.492175,20260812,2000
hash,worst_algorithm_bit_error_fraction,crop_center,0.4,1200,0.495977,0.492188,0.038050,0.95,percentile_bootstrap_mean,0.493952,0.498053,20260812,2000
hash,worst_algorithm_bit_error_fraction,crop_center,0.5,1200,0.498867,0.500000,0.035024,0.95,percentile_bootstrap_mean,0.496868,0.500892,20260812,2000
hash,worst_algorithm_bit_error_fraction,crop_center,0.6,1200,0.498060,0.500000,0.032200,0.95,percentile_bootstrap_mean,0.496237,0.499844,20260812,2000
hash,worst_algorithm_bit_error_fraction,crop_center,0.7,1200,0.500488,0.500000,0.032487,0.95,percentile_bootstrap_mean,0.498678,0.502337,20260812,2000
hash,worst_algorithm_bit_error_fraction,crop_center,0.8,1200,0.497702,0.500000,0.030938,0.95,percentile_bootstrap_mean,0.495937,0.499460,20260812,2000
hash,worst_algorithm_bit_error_fraction,crop_random,0.1,1200,0.404759,0.406250,0.067821,0.95,percentile_bootstrap_mean,0.400963,0.408522,20260812,2000
hash,worst_algorithm_bit_error_fraction,crop_random,0.2,1200,0.481133,0.484375,0.044379,0.95,percentile_bootstrap_mean,0.478568,0.483594,20260812,2000
hash,worst_algorithm_bit_error_fraction,crop_random,0.3,1200,0.494212,0.492188,0.035533,0.95,percentile_bootstrap_mean,0.492096,0.496243,20260812,2000
hash,worst_algorithm_bit_error_fraction,crop_random,0.4,1200,0.498672,0.500000,0.033889,0.95,percentile_bootstrap_mean,0.496777,0.500521,20260812,2000
hash,worst_algorithm_bit_error_fraction,crop_random,0.5,1200,0.499876,0.500000,0.031969,0.95,percentile_bootstrap_mean,0.498066,0.501621,20260812,2000
hash,worst_algorithm_bit_error_fraction,crop_random,0.6,1200,0.501393,0.500000,0.031162,0.95,percentile_bootstrap_mean,0.499694,0.503086,20260812,2000
hash,worst_algorithm_bit_error_fraction,crop_random,0.7,1200,0.498431,0.500000,0.031715,0.95,percentile_bootstrap_mean,0.496660,0.500299,20260812,2000
hash,worst_algorithm_bit_error_fraction,crop_random,0.8,1200,0.499551,0.500000,0.032045,0.95,percentile_bootstrap_mean,0.497773,0.501315,20260812,2000
hash,worst_algorithm_bit_error_fraction,gaussian_blur,0.5,1200,0.011465,0.007812,0.012231,0.95,percentile_bootstrap_mean,0.010801,0.012161,20260812,2000
hash,worst_algorithm_bit_error_fraction,gaussian_blur,1.0,1200,0.024896,0.015625,0.014891,0.95,percentile_bootstrap_mean,0.024023,0.025775,20260812,2000
hash,worst_algorithm_bit_error_fraction,gaussian_blur,1.5,1200,0.025065,0.023438,0.014090,0.95,percentile_bootstrap_mean,0.024264,0.025859,20260812,2000
hash,worst_algorithm_bit_error_fraction,gaussian_blur,2.0,1200,0.029102,0.031250,0.014258,0.95,percentile_bootstrap_mean,0.028288,0.029909,20260812,2000
hash,worst_algorithm_bit_error_fraction,gaussian_blur,3.0,1200,0.035729,0.031250,0.014753,0.95,percentile_bootstrap_mean,0.034922,0.036589,20260812,2000
hash,worst_algorithm_bit_error_fraction,gaussian_blur,5.0,1200,0.042982,0.046875,0.015693,0.95,percentile_bootstrap_mean,0.042038,0.043867,20260812,2000
hash,worst_algorithm_bit_error_fraction,jpeg_compression,10,1200,0.040827,0.031250,0.026583,0.95,percentile_bootstrap_mean,0.039381,0.042370,20260812,2000
hash,worst_algorithm_bit_error_fraction,jpeg_compression,20,1200,0.028424,0.031250,0.020272,0.95,percentile_bootstrap_mean,0.027285,0.029538,20260812,2000
hash,worst_algorithm_bit_error_fraction,jpeg_compression,35,1200,0.022565,0.015625,0.016795,0.95,percentile_bootstrap_mean,0.021595,0.023542,20260812,2000
hash,worst_algorithm_bit_error_fraction,jpeg_compression,5,1200,0.065065,0.062500,0.034313,0.95,percentile_bootstrap_mean,0.063079,0.067025,20260812,2000
hash,worst_algorithm_bit_error_fraction,jpeg_compression,50,1200,0.019824,0.015625,0.015099,0.95,percentile_bootstrap_mean,0.018958,0.020742,20260812,2000
hash,worst_algorithm_bit_error_fraction,jpeg_compression,65,1200,0.017969,0.015625,0.014351,0.95,percentile_bootstrap_mean,0.017174,0.018796,20260812,2000
hash,worst_algorithm_bit_error_fraction,jpeg_compression,80,1200,0.016100,0.015625,0.014271,0.95,percentile_bootstrap_mean,0.015345,0.016921,20260812,2000
hash,worst_algorithm_bit_error_fraction,jpeg_compression,95,1200,0.012161,0.015625,0.013043,0.95,percentile_bootstrap_mean,0.011413,0.012884,20260812,2000
hash,worst_algorithm_bit_error_fraction,letterbox,black,1200,0.387233,0.406250,0.102731,0.95,percentile_bootstrap_mean,0.381367,0.392975,20260812,2000
hash,worst_algorithm_bit_error_fraction,letterbox,grey,1200,0.387083,0.406250,0.103137,0.95,percentile_bootstrap_mean,0.381314,0.393010,20260812,2000
hash,worst_algorithm_bit_error_fraction,rotation,1,1200,0.095417,0.093750,0.030250,0.95,percentile_bootstrap_mean,0.093809,0.097168,20260812,2000
hash,worst_algorithm_bit_error_fraction,rotation,10,1200,0.444238,0.453125,0.048072,0.95,percentile_bootstrap_mean,0.441555,0.446953,20260812,2000
hash,worst_algorithm_bit_error_fraction,rotation,2,1200,0.159661,0.156250,0.035080,0.95,percentile_bootstrap_mean,0.157669,0.161608,20260812,2000
hash,worst_algorithm_bit_error_fraction,rotation,20,1200,0.490645,0.492188,0.038637,0.95,percentile_bootstrap_mean,0.488437,0.492794,20260812,2000
hash,worst_algorithm_bit_error_fraction,rotation,45,1200,0.498594,0.500000,0.032163,0.95,percentile_bootstrap_mean,0.496842,0.500501,20260812,2000
hash,worst_algorithm_bit_error_fraction,rotation,5,1200,0.314720,0.312500,0.049930,0.95,percentile_bootstrap_mean,0.311940,0.317449,20260812,2000
hash,worst_algorithm_bit_error_fraction,rotation,70,1200,0.500345,0.500000,0.032020,0.95,percentile_bootstrap_mean,0.498548,0.502077,20260812,2000
hash,worst_algorithm_bit_error_fraction,rotation,90,1200,0.500299,0.500000,0.030200,0.95,percentile_bootstrap_mean,0.498639,0.502070,20260812,2000
hash,worst_algorithm_bit_error_fraction,salt_pepper_noise,0.01,1200,0.025430,0.023438,0.017517,0.95,percentile_bootstrap_mean,0.024486,0.026426,20260812,2000
hash,worst_algorithm_bit_error_fraction,salt_pepper_noise,0.02,1200,0.029805,0.031250,0.019598,0.95,percentile_bootstrap_mean,0.028698,0.030899,20260812,2000
hash,worst_algorithm_bit_error_fraction,salt_pepper_noise,0.04,1200,0.037585,0.031250,0.023751,0.95,percentile_bootstrap_mean,0.036263,0.038958,20260812,2000
hash,worst_algorithm_bit_error_fraction,salt_pepper_noise,0.06,1200,0.042780,0.031250,0.025623,0.95,percentile_bootstrap_mean,0.041348,0.044284,20260812,2000
hash,worst_algorithm_bit_error_fraction,salt_pepper_noise,0.1,1200,0.051543,0.046875,0.028933,0.95,percentile_bootstrap_mean,0.049974,0.053236,20260812,2000
hash,worst_algorithm_bit_error_fraction,salt_pepper_noise,0.15,1200,0.060990,0.054688,0.031389,0.95,percentile_bootstrap_mean,0.059290,0.062708,20260812,2000
hash,worst_algorithm_bit_error_fraction,saturation,0.2,1200,0.052650,0.046875,0.021090,0.95,percentile_bootstrap_mean,0.051412,0.053848,20260812,2000
hash,worst_algorithm_bit_error_fraction,saturation,0.43,1200,0.046576,0.046875,0.020102,0.95,percentile_bootstrap_mean,0.045429,0.047734,20260812,2000
hash,worst_algorithm_bit_error_fraction,saturation,0.66,1200,0.038841,0.031250,0.018566,0.95,percentile_bootstrap_mean,0.037786,0.039935,20260812,2000
hash,worst_algorithm_bit_error_fraction,saturation,0.89,1200,0.025944,0.031250,0.016446,0.95,percentile_bootstrap_mean,0.025039,0.026830,20260812,2000
hash,worst_algorithm_bit_error_fraction,saturation,1.11,1200,0.026536,0.031250,0.015863,0.95,percentile_bootstrap_mean,0.025645,0.027448,20260812,2000
hash,worst_algorithm_bit_error_fraction,saturation,1.34,1200,0.039323,0.031250,0.018331,0.95,percentile_bootstrap_mean,0.038333,0.040332,20260812,2000
hash,worst_algorithm_bit_error_fraction,saturation,1.57,1200,0.046081,0.046875,0.018803,0.95,percentile_bootstrap_mean,0.045013,0.047168,20260812,2000
hash,worst_algorithm_bit_error_fraction,saturation,1.8,1200,0.050879,0.046875,0.019385,0.95,percentile_bootstrap_mean,0.049844,0.052044,20260812,2000
hash,worst_algorithm_bit_error_fraction,scaling,0.25,1200,0.074115,0.070312,0.021440,0.95,percentile_bootstrap_mean,0.072923,0.075339,20260812,2000
hash,worst_algorithm_bit_error_fraction,scaling,0.5,1200,0.040156,0.039062,0.019901,0.95,percentile_bootstrap_mean,0.039114,0.041315,20260812,2000
hash,worst_algorithm_bit_error_fraction,scaling,0.75,1200,0.036510,0.035156,0.014507,0.95,percentile_bootstrap_mean,0.035671,0.037311,20260812,2000
hash,worst_algorithm_bit_error_fraction,scaling,1.5,1200,0.021979,0.015625,0.012075,0.95,percentile_bootstrap_mean,0.021289,0.022689,20260812,2000
hash,worst_algorithm_bit_error_fraction,scaling,2.0,1200,0.023796,0.023438,0.011633,0.95,percentile_bootstrap_mean,0.023112,0.024460,20260812,2000
hash,worst_algorithm_bit_error_fraction,scaling,3.0,1200,0.023730,0.023438,0.011503,0.95,percentile_bootstrap_mean,0.023118,0.024375,20260812,2000
hash,worst_algorithm_bit_error_fraction,vibrancy,0.2,1200,0.059928,0.062500,0.028094,0.95,percentile_bootstrap_mean,0.058404,0.061504,20260812,2000
hash,worst_algorithm_bit_error_fraction,vibrancy,0.43,1200,0.054993,0.046875,0.026775,0.95,percentile_bootstrap_mean,0.053411,0.056420,20260812,2000
hash,worst_algorithm_bit_error_fraction,vibrancy,0.66,1200,0.047617,0.046875,0.024696,0.95,percentile_bootstrap_mean,0.046230,0.049030,20260812,2000
hash,worst_algorithm_bit_error_fraction,vibrancy,0.89,1200,0.033118,0.031250,0.018452,0.95,percentile_bootstrap_mean,0.032083,0.034206,20260812,2000
hash,worst_algorithm_bit_error_fraction,vibrancy,1.11,1200,0.036549,0.031250,0.018920,0.95,percentile_bootstrap_mean,0.035495,0.037565,20260812,2000
hash,worst_algorithm_bit_error_fraction,vibrancy,1.34,1200,0.071478,0.062500,0.031660,0.95,percentile_bootstrap_mean,0.069753,0.073268,20260812,2000
hash,worst_algorithm_bit_error_fraction,vibrancy,1.57,1200,0.103451,0.093750,0.044791,0.95,percentile_bootstrap_mean,0.100833,0.106075,20260812,2000
hash,worst_algorithm_bit_error_fraction,vibrancy,1.8,1200,0.141230,0.132812,0.059582,0.95,percentile_bootstrap_mean,0.137825,0.144434,20260812,2000
lsb,bit_accuracy,brightness,0.5,1200,0.502228,0.510204,0.077107,0.95,percentile_bootstrap_mean,0.497754,0.506497,20260812,2000
lsb,bit_accuracy,brightness,0.7,1200,0.486259,0.489796,0.120380,0.95,percentile_bootstrap_mean,0.479199,0.492824,20260812,2000
lsb,bit_accuracy,brightness,0.85,1200,0.478997,0.489796,0.157106,0.95,percentile_bootstrap_mean,0.470170,0.488265,20260812,2000
lsb,bit_accuracy,brightness,1.15,1200,0.514337,0.489796,0.167344,0.95,percentile_bootstrap_mean,0.504693,0.523794,20260812,2000
lsb,bit_accuracy,brightness,1.5,1200,0.478776,0.469388,0.123767,0.95,percentile_bootstrap_mean,0.472108,0.485614,20260812,2000
lsb,bit_accuracy,brightness,2.0,1200,0.523793,0.571429,0.117037,0.95,percentile_bootstrap_mean,0.517124,0.530358,20260812,2000
lsb,bit_accuracy,contrast,0.5,1200,0.499473,0.489796,0.115892,0.95,percentile_bootstrap_mean,0.493146,0.506020,20260812,2000
lsb,bit_accuracy,contrast,0.7,1200,0.496190,0.489796,0.140121,0.95,percentile_bootstrap_mean,0.488316,0.504133,20260812,2000
lsb,bit_accuracy,contrast,0.85,1200,0.504099,0.510204,0.179035,0.95,percentile_bootstrap_mean,0.493791,0.513401,20260812,2000
lsb,bit_accuracy,contrast,1.15,1200,0.507959,0.510204,0.134398,0.95,percentile_bootstrap_mean,0.500442,0.515629,20260812,2000
lsb,bit_accuracy,contrast,1.5,1200,0.510187,0.510204,0.097618,0.95,percentile_bootstrap_mean,0.504898,0.515919,20260812,2000
lsb,bit_accuracy,contrast,2.0,1200,0.514864,0.551020,0.119421,0.95,percentile_bootstrap_mean,0.508247,0.521668,20260812,2000
lsb,bit_accuracy,crop_center,0.1,1200,0.498095,0.489796,0.075926,0.95,percentile_bootstrap_mean,0.493911,0.502330,20260812,2000
lsb,bit_accuracy,crop_center,0.2,1200,0.498520,0.489796,0.075509,0.95,percentile_bootstrap_mean,0.494506,0.502806,20260812,2000
lsb,bit_accuracy,crop_center,0.3,1200,0.497364,0.489796,0.074560,0.95,percentile_bootstrap_mean,0.493197,0.501565,20260812,2000
lsb,bit_accuracy,crop_center,0.4,1200,0.498095,0.489796,0.072091,0.95,percentile_bootstrap_mean,0.494115,0.502143,20260812,2000
lsb,bit_accuracy,crop_center,0.5,1200,0.499949,0.510204,0.074774,0.95,percentile_bootstrap_mean,0.495509,0.504355,20260812,2000
lsb,bit_accuracy,crop_center,0.6,1200,0.498044,0.489796,0.075244,0.95,percentile_bootstrap_mean,0.493912,0.502230,20260812,2000
lsb,bit_accuracy,crop_center,0.7,1200,0.497126,0.489796,0.072049,0.95,percentile_bootstrap_mean,0.493009,0.501327,20260812,2000
lsb,bit_accuracy,crop_center,0.8,1200,0.502500,0.510204,0.072150,0.95,percentile_bootstrap_mean,0.498418,0.506310,20260812,2000
lsb,bit_accuracy,crop_random,0.1,1200,0.500646,0.510204,0.076339,0.95,percentile_bootstrap_mean,0.496360,0.504966,20260812,2000
lsb,bit_accuracy,crop_random,0.2,1200,0.498078,0.510204,0.073489,0.95,percentile_bootstrap_mean,0.494082,0.502212,20260812,2000
lsb,bit_accuracy,crop_random,0.3,1200,0.499184,0.489796,0.076451,0.95,percentile_bootstrap_mean,0.494983,0.503623,20260812,2000
lsb,bit_accuracy,crop_random,0.4,1200,0.501684,0.510204,0.073035,0.95,percentile_bootstrap_mean,0.497482,0.505731,20260812,2000
lsb,bit_accuracy,crop_random,0.5,1200,0.499507,0.489796,0.072547,0.95,percentile_bootstrap_mean,0.495204,0.503469,20260812,2000
lsb,bit_accuracy,crop_random,0.6,1200,0.500136,0.489796,0.071633,0.95,percentile_bootstrap_mean,0.496291,0.504031,20260812,2000
lsb,bit_accuracy,crop_random,0.7,1200,0.505051,0.510204,0.074029,0.95,percentile_bootstrap_mean,0.501190,0.509337,20260812,2000
lsb,bit_accuracy,crop_random,0.8,1200,0.500000,0.489796,0.072835,0.95,percentile_bootstrap_mean,0.495952,0.504201,20260812,2000
lsb,bit_accuracy,gaussian_blur,0.5,1200,0.827517,0.918367,0.200034,0.95,percentile_bootstrap_mean,0.816102,0.839202,20260812,2000
lsb,bit_accuracy,gaussian_blur,1.0,1200,0.619456,0.571429,0.171585,0.95,percentile_bootstrap_mean,0.609898,0.629389,20260812,2000
lsb,bit_accuracy,gaussian_blur,1.5,1200,0.521480,0.510204,0.090582,0.95,percentile_bootstrap_mean,0.516190,0.526378,20260812,2000
lsb,bit_accuracy,gaussian_blur,2.0,1200,0.521752,0.510204,0.091524,0.95,percentile_bootstrap_mean,0.516633,0.527262,20260812,2000
lsb,bit_accuracy,gaussian_blur,3.0,1200,0.510034,0.510204,0.081120,0.95,percentile_bootstrap_mean,0.505374,0.514388,20260812,2000
lsb,bit_accuracy,gaussian_blur,5.0,1200,0.506939,0.510204,0.073946,0.95,percentile_bootstrap_mean,0.502891,0.511122,20260812,2000
lsb,bit_accuracy,jpeg_compression,10,1200,0.507585,0.489796,0.096399,0.95,percentile_bootstrap_mean,0.502108,0.513334,20260812,2000
lsb,bit_accuracy,jpeg_compression,20,1200,0.499167,0.510204,0.087665,0.95,percentile_bootstrap_mean,0.494166,0.504082,20260812,2000
lsb,bit_accuracy,jpeg_compression,35,1200,0.501599,0.510204,0.084441,0.95,percentile_bootstrap_mean,0.496615,0.506208,20260812,2000
lsb,bit_accuracy,jpeg_compression,5,1200,0.546429,0.571429,0.095252,0.95,percentile_bootstrap_mean,0.540935,0.551923,20260812,2000
lsb,bit_accuracy,jpeg_compression,50,1200,0.509337,0.510204,0.079330,0.95,percentile_bootstrap_mean,0.504710,0.514031,20260812,2000
lsb,bit_accuracy,jpeg_compression,65,1200,0.500340,0.510204,0.078504,0.95,percentile_bootstrap_mean,0.495765,0.504915,20260812,2000
lsb,bit_accuracy,jpeg_compression,80,1200,0.501156,0.500000,0.073538,0.95,percentile_bootstrap_mean,0.496989,0.505221,20260812,2000
lsb,bit_accuracy,jpeg_compression,95,1200,0.506565,0.510204,0.073896,0.95,percentile_bootstrap_mean,0.502296,0.510920,20260812,2000
lsb,bit_accuracy,letterbox,black,1200,0.645170,0.632653,0.070229,0.95,percentile_bootstrap_mean,0.641429,0.649303,20260812,2000
lsb,bit_accuracy,letterbox,grey,1200,0.645170,0.632653,0.070229,0.95,percentile_bootstrap_mean,0.641276,0.649218,20260812,2000
lsb,bit_accuracy,none,,1200,1.000000,1.000000,0.000000,0.95,percentile_bootstrap_mean,1.000000,1.000000,20260812,2000
lsb,bit_accuracy,rotation,1,1200,0.632653,0.632653,0.000000,0.95,percentile_bootstrap_mean,0.632653,0.632653,20260812,2000
lsb,bit_accuracy,rotation,10,1200,0.632653,0.632653,0.000000,0.95,percentile_bootstrap_mean,0.632653,0.632653,20260812,2000
lsb,bit_accuracy,rotation,2,1200,0.632653,0.632653,0.000000,0.95,percentile_bootstrap_mean,0.632653,0.632653,20260812,2000
lsb,bit_accuracy,rotation,20,1200,0.632653,0.632653,0.000000,0.95,percentile_bootstrap_mean,0.632653,0.632653,20260812,2000
lsb,bit_accuracy,rotation,45,1200,0.632653,0.632653,0.000000,0.95,percentile_bootstrap_mean,0.632653,0.632653,20260812,2000
lsb,bit_accuracy,rotation,5,1200,0.632653,0.632653,0.000000,0.95,percentile_bootstrap_mean,0.632653,0.632653,20260812,2000
lsb,bit_accuracy,rotation,70,1200,0.631939,0.632653,0.012000,0.95,percentile_bootstrap_mean,0.631224,0.632551,20260812,2000
lsb,bit_accuracy,rotation,90,1200,0.499643,0.489796,0.074219,0.95,percentile_bootstrap_mean,0.495357,0.503759,20260812,2000
lsb,bit_accuracy,salt_pepper_noise,0.01,1200,0.994660,1.000000,0.015457,0.95,percentile_bootstrap_mean,0.993724,0.995493,20260812,2000
lsb,bit_accuracy,salt_pepper_noise,0.02,1200,0.990697,1.000000,0.019984,0.95,percentile_bootstrap_mean,0.989540,0.991786,20260812,2000
lsb,bit_accuracy,salt_pepper_noise,0.04,1200,0.978486,1.000000,0.029241,0.95,percentile_bootstrap_mean,0.976837,0.980170,20260812,2000
lsb,bit_accuracy,salt_pepper_noise,0.06,1200,0.969745,0.979592,0.035684,0.95,percentile_bootstrap_mean,0.967704,0.971752,20260812,2000
lsb,bit_accuracy,salt_pepper_noise,0.1,1200,0.950901,0.959184,0.043412,0.95,percentile_bootstrap_mean,0.948333,0.953283,20260812,2000
lsb,bit_accuracy,salt_pepper_noise,0.15,1200,0.926310,0.938776,0.053459,0.95,percentile_bootstrap_mean,0.923299,0.929235,20260812,2000
lsb,bit_accuracy,saturation,0.2,1200,0.629439,0.612245,0.126602,0.95,percentile_bootstrap_mean,0.621885,0.636548,20260812,2000
lsb,bit_accuracy,saturation,0.43,1200,0.568537,0.551020,0.151760,0.95,percentile_bootstrap_mean,0.560034,0.576548,20260812,2000
lsb,bit_accuracy,saturation,0.66,1200,0.564983,0.551020,0.168961,0.95,percentile_bootstrap_mean,0.556020,0.574184,20260812,2000
lsb,bit_accuracy,saturation,0.89,1200,0.567687,0.571429,0.204987,0.95,percentile_bootstrap_mean,0.555884,0.579527,20260812,2000
lsb,bit_accuracy,saturation,1.11,1200,0.578350,0.571429,0.202196,0.95,percentile_bootstrap_mean,0.566920,0.590035,20260812,2000
lsb,bit_accuracy,saturation,1.34,1200,0.575272,0.551020,0.165997,0.95,percentile_bootstrap_mean,0.565969,0.584440,20260812,2000
lsb,bit_accuracy,saturation,1.57,1200,0.574745,0.561224,0.148106,0.95,percentile_bootstrap_mean,0.566700,0.582789,20260812,2000
lsb,bit_accuracy,saturation,1.8,1200,0.634609,0.632653,0.123156,0.95,percentile_bootstrap_mean,0.627687,0.641600,20260812,2000
lsb,bit_accuracy,scaling,0.25,1200,0.498639,0.489796,0.074869,0.95,percentile_bootstrap_mean,0.494252,0.502790,20260812,2000
lsb,bit_accuracy,scaling,0.5,1200,0.502636,0.510204,0.076895,0.95,percentile_bootstrap_mean,0.498415,0.506974,20260812,2000
lsb,bit_accuracy,scaling,0.75,1200,0.503333,0.510204,0.071405,0.95,percentile_bootstrap_mean,0.499252,0.507500,20260812,2000
lsb,bit_accuracy,scaling,1.5,1200,0.522551,0.530612,0.067165,0.95,percentile_bootstrap_mean,0.518773,0.526021,20260812,2000
lsb,bit_accuracy,scaling,2.0,1200,0.518452,0.530612,0.068740,0.95,percentile_bootstrap_mean,0.514676,0.522177,20260812,2000
lsb,bit_accuracy,scaling,3.0,1200,0.532296,0.530612,0.079316,0.95,percentile_bootstrap_mean,0.527941,0.536650,20260812,2000
lsb,bit_accuracy,vibrancy,0.2,1200,0.710544,0.714286,0.079068,0.95,percentile_bootstrap_mean,0.706105,0.715001,20260812,2000
lsb,bit_accuracy,vibrancy,0.43,1200,0.711344,0.714286,0.081981,0.95,percentile_bootstrap_mean,0.706733,0.716174,20260812,2000
lsb,bit_accuracy,vibrancy,0.66,1200,0.708112,0.693878,0.089619,0.95,percentile_bootstrap_mean,0.703282,0.713334,20260812,2000
lsb,bit_accuracy,vibrancy,0.89,1200,0.702313,0.693878,0.115730,0.95,percentile_bootstrap_mean,0.695680,0.709031,20260812,2000
lsb,bit_accuracy,vibrancy,1.11,1200,0.706616,0.673469,0.121631,0.95,percentile_bootstrap_mean,0.700051,0.713588,20260812,2000
lsb,bit_accuracy,vibrancy,1.34,1200,0.698759,0.683673,0.107365,0.95,percentile_bootstrap_mean,0.692687,0.704882,20260812,2000
lsb,bit_accuracy,vibrancy,1.57,1200,0.695493,0.673469,0.099822,0.95,percentile_bootstrap_mean,0.689982,0.701123,20260812,2000
lsb,bit_accuracy,vibrancy,1.8,1200,0.696190,0.673469,0.091869,0.95,percentile_bootstrap_mean,0.690935,0.701565,20260812,2000
lsb,decode_present,brightness,0.5,1200,0.000000,0.000000,0.000000,0.95,wilson_binomial,0.000000,0.003191,,
lsb,decode_present,brightness,0.7,1200,0.001667,0.000000,0.040808,0.95,wilson_binomial,0.000457,0.006057,,
lsb,decode_present,brightness,0.85,1200,0.002500,0.000000,0.049958,0.95,wilson_binomial,0.000851,0.007324,,
lsb,decode_present,brightness,1.15,1200,0.035000,0.000000,0.183856,0.95,wilson_binomial,0.025997,0.046971,,
lsb,decode_present,brightness,1.5,1200,0.014167,0.000000,0.118227,0.95,wilson_binomial,0.008864,0.022570,,
lsb,decode_present,brightness,2.0,1200,0.000000,0.000000,0.000000,0.95,wilson_binomial,0.000000,0.003191,,
lsb,decode_present,contrast,0.5,1200,0.008333,0.000000,0.090944,0.95,wilson_binomial,0.004533,0.015272,,
lsb,decode_present,contrast,0.7,1200,0.014167,0.000000,0.118227,0.95,wilson_binomial,0.008864,0.022570,,
lsb,decode_present,contrast,0.85,1200,0.024167,0.000000,0.153630,0.95,wilson_binomial,0.016878,0.034492,,
lsb,decode_present,contrast,1.15,1200,0.003333,0.000000,0.057663,0.95,wilson_binomial,0.001297,0.008539,,
lsb,decode_present,contrast,1.5,1200,0.000000,0.000000,0.000000,0.95,wilson_binomial,0.000000,0.003191,,
lsb,decode_present,contrast,2.0,1200,0.000000,0.000000,0.000000,0.95,wilson_binomial,0.000000,0.003191,,
lsb,decode_present,crop_center,0.1,1200,0.000000,0.000000,0.000000,0.95,wilson_binomial,0.000000,0.003191,,
lsb,decode_present,crop_center,0.2,1200,0.000000,0.000000,0.000000,0.95,wilson_binomial,0.000000,0.003191,,
lsb,decode_present,crop_center,0.3,1200,0.000000,0.000000,0.000000,0.95,wilson_binomial,0.000000,0.003191,,
lsb,decode_present,crop_center,0.4,1200,0.000000,0.000000,0.000000,0.95,wilson_binomial,0.000000,0.003191,,
lsb,decode_present,crop_center,0.5,1200,0.000000,0.000000,0.000000,0.95,wilson_binomial,0.000000,0.003191,,
lsb,decode_present,crop_center,0.6,1200,0.000000,0.000000,0.000000,0.95,wilson_binomial,0.000000,0.003191,,
lsb,decode_present,crop_center,0.7,1200,0.000000,0.000000,0.000000,0.95,wilson_binomial,0.000000,0.003191,,
lsb,decode_present,crop_center,0.8,1200,0.000000,0.000000,0.000000,0.95,wilson_binomial,0.000000,0.003191,,
lsb,decode_present,crop_random,0.1,1200,0.000833,0.000000,0.028868,0.95,wilson_binomial,0.000147,0.004705,,
lsb,decode_present,crop_random,0.2,1200,0.000000,0.000000,0.000000,0.95,wilson_binomial,0.000000,0.003191,,
lsb,decode_present,crop_random,0.3,1200,0.000000,0.000000,0.000000,0.95,wilson_binomial,0.000000,0.003191,,
lsb,decode_present,crop_random,0.4,1200,0.000000,0.000000,0.000000,0.95,wilson_binomial,0.000000,0.003191,,
lsb,decode_present,crop_random,0.5,1200,0.000000,0.000000,0.000000,0.95,wilson_binomial,0.000000,0.003191,,
lsb,decode_present,crop_random,0.6,1200,0.000000,0.000000,0.000000,0.95,wilson_binomial,0.000000,0.003191,,
lsb,decode_present,crop_random,0.7,1200,0.000000,0.000000,0.000000,0.95,wilson_binomial,0.000000,0.003191,,
lsb,decode_present,crop_random,0.8,1200,0.000000,0.000000,0.000000,0.95,wilson_binomial,0.000000,0.003191,,
lsb,decode_present,gaussian_blur,0.5,1200,0.385833,0.000000,0.486994,0.95,wilson_binomial,0.358697,0.413698,,
lsb,decode_present,gaussian_blur,1.0,1200,0.046667,0.000000,0.211012,0.95,wilson_binomial,0.036111,0.060116,,
lsb,decode_present,gaussian_blur,1.5,1200,0.000000,0.000000,0.000000,0.95,wilson_binomial,0.000000,0.003191,,
lsb,decode_present,gaussian_blur,2.0,1200,0.000000,0.000000,0.000000,0.95,wilson_binomial,0.000000,0.003191,,
lsb,decode_present,gaussian_blur,3.0,1200,0.000000,0.000000,0.000000,0.95,wilson_binomial,0.000000,0.003191,,
lsb,decode_present,gaussian_blur,5.0,1200,0.000000,0.000000,0.000000,0.95,wilson_binomial,0.000000,0.003191,,
lsb,decode_present,jpeg_compression,10,1200,0.000000,0.000000,0.000000,0.95,wilson_binomial,0.000000,0.003191,,
lsb,decode_present,jpeg_compression,20,1200,0.000000,0.000000,0.000000,0.95,wilson_binomial,0.000000,0.003191,,
lsb,decode_present,jpeg_compression,35,1200,0.000000,0.000000,0.000000,0.95,wilson_binomial,0.000000,0.003191,,
lsb,decode_present,jpeg_compression,5,1200,0.000000,0.000000,0.000000,0.95,wilson_binomial,0.000000,0.003191,,
lsb,decode_present,jpeg_compression,50,1200,0.000000,0.000000,0.000000,0.95,wilson_binomial,0.000000,0.003191,,
lsb,decode_present,jpeg_compression,65,1200,0.000000,0.000000,0.000000,0.95,wilson_binomial,0.000000,0.003191,,
lsb,decode_present,jpeg_compression,80,1200,0.000000,0.000000,0.000000,0.95,wilson_binomial,0.000000,0.003191,,
lsb,decode_present,jpeg_compression,95,1200,0.000000,0.000000,0.000000,0.95,wilson_binomial,0.000000,0.003191,,
lsb,decode_present,letterbox,black,1200,0.036667,0.000000,0.188020,0.95,wilson_binomial,0.027426,0.048864,,
lsb,decode_present,letterbox,grey,1200,0.036667,0.000000,0.188020,0.95,wilson_binomial,0.027426,0.048864,,
lsb,decode_present,none,,1200,1.000000,1.000000,0.000000,0.95,wilson_binomial,0.996809,1.000000,,
lsb,decode_present,rotation,1,1200,0.000000,0.000000,0.000000,0.95,wilson_binomial,0.000000,0.003191,,
lsb,decode_present,rotation,10,1200,0.000000,0.000000,0.000000,0.95,wilson_binomial,0.000000,0.003191,,
lsb,decode_present,rotation,2,1200,0.000000,0.000000,0.000000,0.95,wilson_binomial,0.000000,0.003191,,
lsb,decode_present,rotation,20,1200,0.000000,0.000000,0.000000,0.95,wilson_binomial,0.000000,0.003191,,
lsb,decode_present,rotation,45,1200,0.000000,0.000000,0.000000,0.95,wilson_binomial,0.000000,0.003191,,
lsb,decode_present,rotation,5,1200,0.000000,0.000000,0.000000,0.95,wilson_binomial,0.000000,0.003191,,
lsb,decode_present,rotation,70,1200,0.000000,0.000000,0.000000,0.95,wilson_binomial,0.000000,0.003191,,
lsb,decode_present,rotation,90,1200,0.000000,0.000000,0.000000,0.95,wilson_binomial,0.000000,0.003191,,
lsb,decode_present,salt_pepper_noise,0.01,1200,0.865000,1.000000,0.341866,0.95,wilson_binomial,0.844497,0.883174,,
lsb,decode_present,salt_pepper_noise,0.02,1200,0.780833,1.000000,0.413854,0.95,wilson_binomial,0.756552,0.803323,,
lsb,decode_present,salt_pepper_noise,0.04,1200,0.545833,1.000000,0.498102,0.95,wilson_binomial,0.517561,0.573813,,
lsb,decode_present,salt_pepper_noise,0.06,1200,0.435000,0.000000,0.495964,0.95,wilson_binomial,0.407202,0.463213,,
lsb,decode_present,salt_pepper_noise,0.1,1200,0.233333,0.000000,0.423129,0.95,wilson_binomial,0.210277,0.258092,,
lsb,decode_present,salt_pepper_noise,0.15,1200,0.121667,0.000000,0.327037,0.95,wilson_binomial,0.104368,0.141380,,
lsb,decode_present,saturation,0.2,1200,0.000000,0.000000,0.000000,0.95,wilson_binomial,0.000000,0.003191,,
lsb,decode_present,saturation,0.43,1200,0.000000,0.000000,0.000000,0.95,wilson_binomial,0.000000,0.003191,,
lsb,decode_present,saturation,0.66,1200,0.000833,0.000000,0.028868,0.95,wilson_binomial,0.000147,0.004705,,
lsb,decode_present,saturation,0.89,1200,0.007500,0.000000,0.086313,0.95,wilson_binomial,0.003951,0.014192,,
lsb,decode_present,saturation,1.11,1200,0.022500,0.000000,0.148365,0.95,wilson_binomial,0.015509,0.032539,,
lsb,decode_present,saturation,1.34,1200,0.015833,0.000000,0.124882,0.95,wilson_binomial,0.010160,0.024597,,
lsb,decode_present,saturation,1.57,1200,0.014167,0.000000,0.118227,0.95,wilson_binomial,0.008864,0.022570,,
lsb,decode_present,saturation,1.8,1200,0.014167,0.000000,0.118227,0.95,wilson_binomial,0.008864,0.022570,,
lsb,decode_present,scaling,0.25,1200,0.000000,0.000000,0.000000,0.95,wilson_binomial,0.000000,0.003191,,
lsb,decode_present,scaling,0.5,1200,0.000000,0.000000,0.000000,0.95,wilson_binomial,0.000000,0.003191,,
lsb,decode_present,scaling,0.75,1200,0.000000,0.000000,0.000000,0.95,wilson_binomial,0.000000,0.003191,,
lsb,decode_present,scaling,1.5,1200,0.000000,0.000000,0.000000,0.95,wilson_binomial,0.000000,0.003191,,
lsb,decode_present,scaling,2.0,1200,0.000000,0.000000,0.000000,0.95,wilson_binomial,0.000000,0.003191,,
lsb,decode_present,scaling,3.0,1200,0.000000,0.000000,0.000000,0.95,wilson_binomial,0.000000,0.003191,,
lsb,decode_present,vibrancy,0.2,1200,0.023333,0.000000,0.151023,0.95,wilson_binomial,0.016192,0.033517,,
lsb,decode_present,vibrancy,0.43,1200,0.024167,0.000000,0.153630,0.95,wilson_binomial,0.016878,0.034492,,
lsb,decode_present,vibrancy,0.66,1200,0.035833,0.000000,0.185952,0.95,wilson_binomial,0.026711,0.047918,,
lsb,decode_present,vibrancy,0.89,1200,0.060000,0.000000,0.237586,0.95,wilson_binomial,0.047915,0.074893,,
lsb,decode_present,vibrancy,1.11,1200,0.061667,0.000000,0.240649,0.95,wilson_binomial,0.049405,0.076726,,
lsb,decode_present,vibrancy,1.34,1200,0.034167,0.000000,0.181733,0.95,wilson_binomial,0.025284,0.046022,,
lsb,decode_present,vibrancy,1.57,1200,0.005000,0.000000,0.070563,0.95,wilson_binomial,0.002293,0.010866,,
lsb,decode_present,vibrancy,1.8,1200,0.005833,0.000000,0.076185,0.95,wilson_binomial,0.002828,0.011992,,
trustmark,bit_accuracy,brightness,0.5,1200,0.989975,1.000000,0.042147,0.95,percentile_bootstrap_mean,0.987475,0.992133,20260812,2000
trustmark,bit_accuracy,brightness,0.7,1200,0.993342,1.000000,0.041899,0.95,percentile_bootstrap_mean,0.990766,0.995475,20260812,2000
trustmark,bit_accuracy,brightness,0.85,1200,0.994033,1.000000,0.041388,0.95,percentile_bootstrap_mean,0.991575,0.996175,20260812,2000
trustmark,bit_accuracy,brightness,1.15,1200,0.987367,1.000000,0.053016,0.95,percentile_bootstrap_mean,0.984383,0.990050,20260812,2000
trustmark,bit_accuracy,brightness,1.5,1200,0.954300,0.990000,0.080527,0.95,percentile_bootstrap_mean,0.949549,0.958784,20260812,2000
trustmark,bit_accuracy,brightness,2.0,1200,0.898667,0.930000,0.112193,0.95,percentile_bootstrap_mean,0.891966,0.904984,20260812,2000
trustmark,bit_accuracy,contrast,0.5,1200,0.987925,1.000000,0.043363,0.95,percentile_bootstrap_mean,0.985408,0.990267,20260812,2000
trustmark,bit_accuracy,contrast,0.7,1200,0.992792,1.000000,0.042424,0.95,percentile_bootstrap_mean,0.990125,0.995058,20260812,2000
trustmark,bit_accuracy,contrast,0.85,1200,0.994067,1.000000,0.041484,0.95,percentile_bootstrap_mean,0.991591,0.996192,20260812,2000
trustmark,bit_accuracy,contrast,1.15,1200,0.986267,1.000000,0.049663,0.95,percentile_bootstrap_mean,0.983274,0.989017,20260812,2000
trustmark,bit_accuracy,contrast,1.5,1200,0.945067,0.980000,0.082145,0.95,percentile_bootstrap_mean,0.940454,0.949667,20260812,2000
trustmark,bit_accuracy,contrast,2.0,1200,0.884167,0.920000,0.116419,0.95,percentile_bootstrap_mean,0.877425,0.890517,20260812,2000
trustmark,bit_accuracy,crop_center,0.1,1200,0.995617,1.000000,0.042922,0.95,percentile_bootstrap_mean,0.993100,0.997850,20260812,2000
trustmark,bit_accuracy,crop_center,0.2,1200,0.987875,1.000000,0.047257,0.95,percentile_bootstrap_mean,0.985058,0.990309,20260812,2000
trustmark,bit_accuracy,crop_center,0.3,1200,0.617367,0.620000,0.059456,0.95,percentile_bootstrap_mean,0.614049,0.620717,20260812,2000
trustmark,bit_accuracy,crop_center,0.4,1200,0.540942,0.540000,0.046995,0.95,percentile_bootstrap_mean,0.538366,0.543684,20260812,2000
trustmark,bit_accuracy,crop_center,0.5,1200,0.536050,0.530000,0.050745,0.95,percentile_bootstrap_mean,0.533224,0.539010,20260812,2000
trustmark,bit_accuracy,crop_center,0.6,1200,0.529450,0.530000,0.050690,0.95,percentile_bootstrap_mean,0.526558,0.532233,20260812,2000
trustmark,bit_accuracy,crop_center,0.7,1200,0.521067,0.520000,0.050969,0.95,percentile_bootstrap_mean,0.518216,0.523850,20260812,2000
trustmark,bit_accuracy,crop_center,0.8,1200,0.510608,0.510000,0.050554,0.95,percentile_bootstrap_mean,0.507775,0.513434,20260812,2000
trustmark,bit_accuracy,crop_random,0.1,1200,0.995450,1.000000,0.043060,0.95,percentile_bootstrap_mean,0.993000,0.997725,20260812,2000
trustmark,bit_accuracy,crop_random,0.2,1200,0.976425,0.990000,0.055228,0.95,percentile_bootstrap_mean,0.973192,0.979559,20260812,2000
trustmark,bit_accuracy,crop_random,0.3,1200,0.569817,0.560000,0.067902,0.95,percentile_bootstrap_mean,0.565941,0.573650,20260812,2000
trustmark,bit_accuracy,crop_random,0.4,1200,0.534367,0.530000,0.051815,0.95,percentile_bootstrap_mean,0.531533,0.537309,20260812,2000
trustmark,bit_accuracy,crop_random,0.5,1200,0.529042,0.530000,0.049711,0.95,percentile_bootstrap_mean,0.526275,0.531850,20260812,2000
trustmark,bit_accuracy,crop_random,0.6,1200,0.528158,0.530000,0.050675,0.95,percentile_bootstrap_mean,0.525342,0.531059,20260812,2000
trustmark,bit_accuracy,crop_random,0.7,1200,0.520083,0.520000,0.049530,0.95,percentile_bootstrap_mean,0.517191,0.522900,20260812,2000
trustmark,bit_accuracy,crop_random,0.8,1200,0.510875,0.510000,0.049533,0.95,percentile_bootstrap_mean,0.508083,0.513742,20260812,2000
trustmark,bit_accuracy,gaussian_blur,0.5,1200,0.994592,1.000000,0.040563,0.95,percentile_bootstrap_mean,0.992066,0.996726,20260812,2000
trustmark,bit_accuracy,gaussian_blur,1.0,1200,0.994275,1.000000,0.041904,0.95,percentile_bootstrap_mean,0.991858,0.996483,20260812,2000
trustmark,bit_accuracy,gaussian_blur,1.5,1200,0.994058,1.000000,0.041207,0.95,percentile_bootstrap_mean,0.991625,0.996267,20260812,2000
trustmark,bit_accuracy,gaussian_blur,2.0,1200,0.993017,1.000000,0.042441,0.95,percentile_bootstrap_mean,0.990441,0.995233,20260812,2000
trustmark,bit_accuracy,gaussian_blur,3.0,1200,0.984817,1.000000,0.049634,0.95,percentile_bootstrap_mean,0.981917,0.987559,20260812,2000
trustmark,bit_accuracy,gaussian_blur,5.0,1200,0.845808,0.890000,0.143317,0.95,percentile_bootstrap_mean,0.837772,0.853850,20260812,2000
trustmark,bit_accuracy,jpeg_compression,10,1200,0.788083,0.810000,0.097939,0.95,percentile_bootstrap_mean,0.782491,0.793809,20260812,2000
trustmark,bit_accuracy,jpeg_compression,20,1200,0.926500,0.940000,0.068971,0.95,percentile_bootstrap_mean,0.922600,0.930417,20260812,2000
trustmark,bit_accuracy,jpeg_compression,35,1200,0.968750,0.980000,0.055237,0.95,percentile_bootstrap_mean,0.965499,0.971817,20260812,2000
trustmark,bit_accuracy,jpeg_compression,5,1200,0.602700,0.600000,0.076437,0.95,percentile_bootstrap_mean,0.598333,0.607075,20260812,2000
trustmark,bit_accuracy,jpeg_compression,50,1200,0.979658,0.990000,0.049813,0.95,percentile_bootstrap_mean,0.976741,0.982284,20260812,2000
trustmark,bit_accuracy,jpeg_compression,65,1200,0.985475,1.000000,0.046879,0.95,percentile_bootstrap_mean,0.982641,0.987925,20260812,2000
trustmark,bit_accuracy,jpeg_compression,80,1200,0.990792,1.000000,0.042700,0.95,percentile_bootstrap_mean,0.988316,0.992942,20260812,2000
trustmark,bit_accuracy,jpeg_compression,95,1200,0.993483,1.000000,0.042224,0.95,percentile_bootstrap_mean,0.990850,0.995667,20260812,2000
trustmark,bit_accuracy,letterbox,black,1200,0.562675,0.540000,0.115761,0.95,percentile_bootstrap_mean,0.556099,0.569117,20260812,2000
trustmark,bit_accuracy,letterbox,grey,1200,0.561242,0.540000,0.115312,0.95,percentile_bootstrap_mean,0.554890,0.567902,20260812,2000
trustmark,bit_accuracy,none,,1200,0.994608,1.000000,0.041713,0.95,percentile_bootstrap_mean,0.991983,0.996742,20260812,2000
trustmark,bit_accuracy,rotation,1,1200,0.993150,1.000000,0.040310,0.95,percentile_bootstrap_mean,0.990491,0.995267,20260812,2000
trustmark,bit_accuracy,rotation,10,1200,0.515442,0.520000,0.047893,0.95,percentile_bootstrap_mean,0.512891,0.518259,20260812,2000
trustmark,bit_accuracy,rotation,2,1200,0.972300,0.990000,0.051765,0.95,percentile_bootstrap_mean,0.969391,0.975167,20260812,2000
trustmark,bit_accuracy,rotation,20,1200,0.508250,0.510000,0.048906,0.95,percentile_bootstrap_mean,0.505458,0.511058,20260812,2000
trustmark,bit_accuracy,rotation,45,1200,0.508683,0.510000,0.049074,0.95,percentile_bootstrap_mean,0.506000,0.511342,20260812,2000
trustmark,bit_accuracy,rotation,5,1200,0.629792,0.590000,0.129998,0.95,percentile_bootstrap_mean,0.622349,0.637543,20260812,2000
trustmark,bit_accuracy,rotation,70,1200,0.509767,0.510000,0.050967,0.95,percentile_bootstrap_mean,0.506967,0.512792,20260812,2000
trustmark,bit_accuracy,rotation,90,1200,0.512858,0.510000,0.050390,0.95,percentile_bootstrap_mean,0.509975,0.515475,20260812,2000
trustmark,bit_accuracy,salt_pepper_noise,0.01,1200,0.975033,0.990000,0.047429,0.95,percentile_bootstrap_mean,0.972333,0.977575,20260812,2000
trustmark,bit_accuracy,salt_pepper_noise,0.02,1200,0.946783,0.960000,0.061472,0.95,percentile_bootstrap_mean,0.943016,0.950309,20260812,2000
trustmark,bit_accuracy,salt_pepper_noise,0.04,1200,0.893208,0.910000,0.080479,0.95,percentile_bootstrap_mean,0.888441,0.897600,20260812,2000
trustmark,bit_accuracy,salt_pepper_noise,0.06,1200,0.845908,0.870000,0.092175,0.95,percentile_bootstrap_mean,0.840816,0.850934,20260812,2000
trustmark,bit_accuracy,salt_pepper_noise,0.1,1200,0.777150,0.790000,0.103335,0.95,percentile_bootstrap_mean,0.771575,0.783100,20260812,2000
trustmark,bit_accuracy,salt_pepper_noise,0.15,1200,0.719208,0.730000,0.103938,0.95,percentile_bootstrap_mean,0.713249,0.724901,20260812,2000
trustmark,bit_accuracy,saturation,0.2,1200,0.988933,1.000000,0.043958,0.95,percentile_bootstrap_mean,0.986166,0.991259,20260812,2000
trustmark,bit_accuracy,saturation,0.43,1200,0.992800,1.000000,0.043569,0.95,percentile_bootstrap_mean,0.990166,0.995117,20260812,2000
trustmark,bit_accuracy,saturation,0.66,1200,0.993833,1.000000,0.043381,0.95,percentile_bootstrap_mean,0.991042,0.996176,20260812,2000
trustmark,bit_accuracy,saturation,0.89,1200,0.994383,1.000000,0.042106,0.95,percentile_bootstrap_mean,0.991917,0.996592,20260812,2000
trustmark,bit_accuracy,saturation,1.11,1200,0.994292,1.000000,0.040874,0.95,percentile_bootstrap_mean,0.991708,0.996375,20260812,2000
trustmark,bit_accuracy,saturation,1.34,1200,0.993217,1.000000,0.042077,0.95,percentile_bootstrap_mean,0.990658,0.995467,20260812,2000
trustmark,bit_accuracy,saturation,1.57,1200,0.991533,1.000000,0.044416,0.95,percentile_bootstrap_mean,0.988908,0.993875,20260812,2000
trustmark,bit_accuracy,saturation,1.8,1200,0.989358,1.000000,0.046470,0.95,percentile_bootstrap_mean,0.986741,0.991833,20260812,2000
trustmark,bit_accuracy,scaling,0.25,1200,0.991900,1.000000,0.044813,0.95,percentile_bootstrap_mean,0.989350,0.994376,20260812,2000
trustmark,bit_accuracy,scaling,0.5,1200,0.994317,1.000000,0.040775,0.95,percentile_bootstrap_mean,0.991875,0.996425,20260812,2000
trustmark,bit_accuracy,scaling,0.75,1200,0.994592,1.000000,0.040351,0.95,percentile_bootstrap_mean,0.992124,0.996783,20260812,2000
trustmark,bit_accuracy,scaling,1.5,1200,0.994692,1.000000,0.040370,0.95,percentile_bootstrap_mean,0.992191,0.996801,20260812,2000
trustmark,bit_accuracy,scaling,2.0,1200,0.994667,1.000000,0.041437,0.95,percentile_bootstrap_mean,0.992132,0.996800,20260812,2000
trustmark,bit_accuracy,scaling,3.0,1200,0.994700,1.000000,0.040093,0.95,percentile_bootstrap_mean,0.992233,0.996775,20260812,2000
trustmark,bit_accuracy,vibrancy,0.2,1200,0.982550,1.000000,0.048581,0.95,percentile_bootstrap_mean,0.979666,0.985100,20260812,2000
trustmark,bit_accuracy,vibrancy,0.43,1200,0.984508,1.000000,0.047418,0.95,percentile_bootstrap_mean,0.981750,0.986917,20260812,2000
trustmark,bit_accuracy,vibrancy,0.66,1200,0.987400,1.000000,0.046168,0.95,percentile_bootstrap_mean,0.984741,0.989858,20260812,2000
trustmark,bit_accuracy,vibrancy,0.89,1200,0.991475,1.000000,0.043420,0.95,percentile_bootstrap_mean,0.988767,0.993850,20260812,2000
trustmark,bit_accuracy,vibrancy,1.11,1200,0.993525,1.000000,0.040044,0.95,percentile_bootstrap_mean,0.991133,0.995567,20260812,2000
trustmark,bit_accuracy,vibrancy,1.34,1200,0.977767,1.000000,0.060452,0.95,percentile_bootstrap_mean,0.974217,0.980909,20260812,2000
trustmark,bit_accuracy,vibrancy,1.57,1200,0.943500,0.980000,0.090520,0.95,percentile_bootstrap_mean,0.938258,0.948667,20260812,2000
trustmark,bit_accuracy,vibrancy,1.8,1200,0.888817,0.930000,0.119705,0.95,percentile_bootstrap_mean,0.881883,0.895517,20260812,2000
trustmark,decode_present,brightness,0.5,1200,0.969167,1.000000,0.172938,0.95,wilson_binomial,0.957790,0.977549,,
trustmark,decode_present,brightness,0.7,1200,0.985833,1.000000,0.118227,0.95,wilson_binomial,0.977430,0.991136,,
trustmark,decode_present,brightness,0.85,1200,0.987500,1.000000,0.111149,0.95,wilson_binomial,0.979478,0.992410,,
trustmark,decode_present,brightness,1.15,1200,0.948333,1.000000,0.221445,0.95,wilson_binomial,0.934317,0.959488,,
trustmark,decode_present,brightness,1.5,1200,0.708333,1.000000,0.454719,0.95,wilson_binomial,0.681984,0.733353,,
trustmark,decode_present,brightness,2.0,1200,0.421667,0.000000,0.494032,0.95,wilson_binomial,0.394020,0.449813,,
trustmark,decode_present,contrast,0.5,1200,0.951667,1.000000,0.214559,0.95,wilson_binomial,0.938025,0.962426,,
trustmark,decode_present,contrast,0.7,1200,0.985000,1.000000,0.121603,0.95,wilson_binomial,0.976414,0.990491,,
trustmark,decode_present,contrast,0.85,1200,0.987500,1.000000,0.111149,0.95,wilson_binomial,0.979478,0.992410,,
trustmark,decode_present,contrast,1.15,1200,0.933333,1.000000,0.249548,0.95,wilson_binomial,0.917792,0.946109,,
trustmark,decode_present,contrast,1.5,1200,0.650833,1.000000,0.476905,0.95,wilson_binomial,0.623419,0.677285,,
trustmark,decode_present,contrast,2.0,1200,0.363333,0.000000,0.481160,0.95,wilson_binomial,0.336597,0.390942,,
trustmark,decode_present,crop_center,0.1,1200,0.990833,1.000000,0.095343,0.95,wilson_binomial,0.983660,0.994874,,
trustmark,decode_present,crop_center,0.2,1200,0.951667,1.000000,0.214559,0.95,wilson_binomial,0.938025,0.962426,,
trustmark,decode_present,crop_center,0.3,1200,0.020833,0.000000,0.142886,0.95,wilson_binomial,0.014151,0.030574,,
trustmark,decode_present,crop_center,0.4,1200,0.027500,0.000000,0.163603,0.95,wilson_binomial,0.019648,0.038368,,
trustmark,decode_present,crop_center,0.5,1200,0.027500,0.000000,0.163603,0.95,wilson_binomial,0.019648,0.038368,,
trustmark,decode_present,crop_center,0.6,1200,0.023333,0.000000,0.151023,0.95,wilson_binomial,0.016192,0.033517,,
trustmark,decode_present,crop_center,0.7,1200,0.019167,0.000000,0.137168,0.95,wilson_binomial,0.012805,0.028597,,
trustmark,decode_present,crop_center,0.8,1200,0.025000,0.000000,0.156190,0.95,wilson_binomial,0.017567,0.035464,,
trustmark,decode_present,crop_random,0.1,1200,0.991667,1.000000,0.090944,0.95,wilson_binomial,0.984728,0.995467,,
trustmark,decode_present,crop_random,0.2,1200,0.869167,1.000000,0.337359,0.95,wilson_binomial,0.848903,0.887074,,
trustmark,decode_present,crop_random,0.3,1200,0.020833,0.000000,0.142886,0.95,wilson_binomial,0.014151,0.030574,,
trustmark,decode_present,crop_random,0.4,1200,0.023333,0.000000,0.151023,0.95,wilson_binomial,0.016192,0.033517,,
trustmark,decode_present,crop_random,0.5,1200,0.024167,0.000000,0.153630,0.95,wilson_binomial,0.016878,0.034492,,
trustmark,decode_present,crop_random,0.6,1200,0.027500,0.000000,0.163603,0.95,wilson_binomial,0.019648,0.038368,,
trustmark,decode_present,crop_random,0.7,1200,0.030000,0.000000,0.170658,0.95,wilson_binomial,0.021747,0.041252,,
trustmark,decode_present,crop_random,0.8,1200,0.025833,0.000000,0.158704,0.95,wilson_binomial,0.018258,0.036435,,
trustmark,decode_present,gaussian_blur,0.5,1200,0.988333,1.000000,0.107425,0.95,wilson_binomial,0.980512,0.993038,,
trustmark,decode_present,gaussian_blur,1.0,1200,0.986667,1.000000,0.114745,0.95,wilson_binomial,0.978451,0.991776,,
trustmark,decode_present,gaussian_blur,1.5,1200,0.985000,1.000000,0.121603,0.95,wilson_binomial,0.976414,0.990491,,
trustmark,decode_present,gaussian_blur,2.0,1200,0.982500,1.000000,0.131180,0.95,wilson_binomial,0.973395,0.988526,,
trustmark,decode_present,gaussian_blur,3.0,1200,0.923333,1.000000,0.266173,0.95,wilson_binomial,0.906892,0.937073,,
trustmark,decode_present,gaussian_blur,5.0,1200,0.325833,0.000000,0.468881,0.95,wilson_binomial,0.299908,0.352870,,
trustmark,decode_present,jpeg_compression,10,1200,0.038333,0.000000,0.192080,0.95,wilson_binomial,0.028861,0.050752,,
trustmark,decode_present,jpeg_compression,20,1200,0.423333,0.000000,0.494293,0.95,wilson_binomial,0.395666,0.451490,,
trustmark,decode_present,jpeg_compression,35,1200,0.800833,1.000000,0.399540,0.95,wilson_binomial,0.777293,0.822454,,
trustmark,decode_present,jpeg_compression,5,1200,0.026667,0.000000,0.161174,0.95,wilson_binomial,0.018952,0.037402,,
trustmark,decode_present,jpeg_compression,50,1200,0.899167,1.000000,0.301233,0.95,wilson_binomial,0.880836,0.914950,,
trustmark,decode_present,jpeg_compression,65,1200,0.940833,1.000000,0.236035,0.95,wilson_binomial,0.926025,0.952828,,
trustmark,decode_present,jpeg_compression,80,1200,0.968333,1.000000,0.175184,0.95,wilson_binomial,0.956835,0.976843,,
trustmark,decode_present,jpeg_compression,95,1200,0.984167,1.000000,0.124882,0.95,wilson_binomial,0.975403,0.989840,,
trustmark,decode_present,letterbox,black,1200,0.084167,0.000000,0.277753,0.95,wilson_binomial,0.069754,0.101233,,
trustmark,decode_present,letterbox,grey,1200,0.075833,0.000000,0.264842,0.95,wilson_binomial,0.062171,0.092202,,
trustmark,decode_present,none,,1200,0.987500,1.000000,0.111149,0.95,wilson_binomial,0.979478,0.992410,,
trustmark,decode_present,rotation,1,1200,0.983333,1.000000,0.128072,0.95,wilson_binomial,0.974397,0.989185,,
trustmark,decode_present,rotation,10,1200,0.013333,0.000000,0.114745,0.95,wilson_binomial,0.008224,0.021549,,
trustmark,decode_present,rotation,2,1200,0.808333,1.000000,0.393776,0.95,wilson_binomial,0.785093,0.829606,,
trustmark,decode_present,rotation,20,1200,0.023333,0.000000,0.151023,0.95,wilson_binomial,0.016192,0.033517,,
trustmark,decode_present,rotation,45,1200,0.035000,0.000000,0.183856,0.95,wilson_binomial,0.025997,0.046971,,
trustmark,decode_present,rotation,5,1200,0.015000,0.000000,0.121603,0.95,wilson_binomial,0.009509,0.023586,,
trustmark,decode_present,rotation,70,1200,0.029167,0.000000,0.168344,0.95,wilson_binomial,0.021046,0.040293,,
trustmark,decode_present,rotation,90,1200,0.028333,0.000000,0.165993,0.95,wilson_binomial,0.020346,0.039331,,
trustmark,decode_present,salt_pepper_noise,0.01,1200,0.867500,1.000000,0.339175,0.95,wilson_binomial,0.847140,0.885515,,
trustmark,decode_present,salt_pepper_noise,0.02,1200,0.595833,1.000000,0.490935,0.95,wilson_binomial,0.567805,0.623250,,
trustmark,decode_present,salt_pepper_noise,0.04,1200,0.218333,0.000000,0.413287,0.95,wilson_binomial,0.195878,0.242586,,
trustmark,decode_present,salt_pepper_noise,0.06,1200,0.090000,0.000000,0.286301,0.95,wilson_binomial,0.075089,0.107527,,
trustmark,decode_present,salt_pepper_noise,0.1,1200,0.046667,0.000000,0.211012,0.95,wilson_binomial,0.036111,0.060116,,
trustmark,decode_present,salt_pepper_noise,0.15,1200,0.040000,0.000000,0.196041,0.95,wilson_binomial,0.030301,0.052634,,
trustmark,decode_present,saturation,0.2,1200,0.951667,1.000000,0.214559,0.95,wilson_binomial,0.938025,0.962426,,
trustmark,decode_present,saturation,0.43,1200,0.982500,1.000000,0.131180,0.95,wilson_binomial,0.973395,0.988526,,
trustmark,decode_present,saturation,0.66,1200,0.986667,1.000000,0.114745,0.95,wilson_binomial,0.978451,0.991776,,
trustmark,decode_present,saturation,0.89,1200,0.987500,1.000000,0.111149,0.95,wilson_binomial,0.979478,0.992410,,
trustmark,decode_present,saturation,1.11,1200,0.985000,1.000000,0.121603,0.95,wilson_binomial,0.976414,0.990491,,
trustmark,decode_present,saturation,1.34,1200,0.977500,1.000000,0.148365,0.95,wilson_binomial,0.967461,0.984491,,
trustmark,decode_present,saturation,1.57,1200,0.967500,1.000000,0.177398,0.95,wilson_binomial,0.955881,0.976136,,
trustmark,decode_present,saturation,1.8,1200,0.952500,1.000000,0.212794,0.95,wilson_binomial,0.938954,0.963158,,
trustmark,decode_present,scaling,0.25,1200,0.975833,1.000000,0.153630,0.95,wilson_binomial,0.965508,0.983122,,
trustmark,decode_present,scaling,0.5,1200,0.989167,1.000000,0.103561,0.95,wilson_binomial,0.981553,0.993658,,
trustmark,decode_present,scaling,0.75,1200,0.988333,1.000000,0.107425,0.95,wilson_binomial,0.980512,0.993038,,
trustmark,decode_present,scaling,1.5,1200,0.987500,1.000000,0.111149,0.95,wilson_binomial,0.979478,0.992410,,
trustmark,decode_present,scaling,2.0,1200,0.987500,1.000000,0.111149,0.95,wilson_binomial,0.979478,0.992410,,
trustmark,decode_present,scaling,3.0,1200,0.988333,1.000000,0.107425,0.95,wilson_binomial,0.980512,0.993038,,
trustmark,decode_present,vibrancy,0.2,1200,0.901667,1.000000,0.297889,0.95,wilson_binomial,0.883516,0.917254,,
trustmark,decode_present,vibrancy,0.43,1200,0.919167,1.000000,0.272693,0.95,wilson_binomial,0.902373,0.933285,,
trustmark,decode_present,vibrancy,0.66,1200,0.942500,1.000000,0.232893,0.95,wilson_binomial,0.927862,0.954314,,
trustmark,decode_present,vibrancy,0.89,1200,0.968333,1.000000,0.175184,0.95,wilson_binomial,0.956835,0.976843,,
trustmark,decode_present,vibrancy,1.11,1200,0.983333,1.000000,0.128072,0.95,wilson_binomial,0.974397,0.989185,,
trustmark,decode_present,vibrancy,1.34,1200,0.882500,1.000000,0.322149,0.95,wilson_binomial,0.863048,0.899511,,
trustmark,decode_present,vibrancy,1.57,1200,0.665833,1.000000,0.471895,0.95,wilson_binomial,0.638653,0.691955,,
trustmark,decode_present,vibrancy,1.8,1200,0.394167,0.000000,0.488875,0.95,wilson_binomial,0.366898,0.422111,,
